match_id,team,player,x,y,distance_to_goal,angle_to_goal,body_part,shot_type,technique,under_pressure,statsbomb_xg,is_goal
3857254,Tunisia,Youssef Msakni,92.6,52.0,29.912539176739916,12.820207737792776,Right Foot,Open Play,Normal,False,0.023819994,0
3857254,Tunisia,Issam Jebali,114.0,54.8,15.969971822141702,10.301324334842361,Left Foot,Open Play,Normal,False,0.014059674,0
3857254,Tunisia,Mohamed Dräger,93.4,44.5,26.977953962448666,15.245541688959536,Right Foot,Open Play,Normal,False,0.033114884,0
3857254,Tunisia,Youssef Msakni,114.7,29.6,11.672617529928749,17.525514805605756,Head,Open Play,Normal,False,0.04366076,0
3857254,Denmark,Kasper Dolberg,115.3,32.5,8.850988645343525,27.91220199371175,Right Foot,Open Play,Volley,False,0.124032564,0
3857254,Denmark,Joachim Andersen,99.7,30.3,22.498444390668432,16.780350875550155,Left Foot,Open Play,Half Volley,False,0.02765422,0
3857254,Denmark,Pierre-Emile Højbjerg,95.4,19.0,32.34439673266453,9.890618857648004,Right Foot,Open Play,Normal,False,0.008709067,0
3857254,Tunisia,Yassine Meriah,111.4,49.3,12.66688596301395,23.175112277288843,Right Foot,Open Play,Half Volley,False,0.046073906,0
3857254,Tunisia,Aïssa Bilal Laïdouni,115.0,52.2,13.18483977907961,12.850222718215253,Right Foot,Open Play,Normal,False,0.06712157,0
3857254,Tunisia,Issam Jebali,112.0,44.9,9.381364506296512,38.1260674002361,Right Foot,Open Play,Lob,False,0.4656446,0
3857254,Tunisia,Ellyes Joris Skhiri,99.8,40.9,20.220039564748635,20.501227731535778,Left Foot,Open Play,Half Volley,False,0.059586592,0
3857254,Tunisia,Issam Jebali,112.1,47.5,10.893117092916981,28.7826118885948,Head,Open Play,Normal,True,0.11338296,0
3857254,Tunisia,Youssef Msakni,114.7,48.7,10.187246929372039,23.230623819035948,Right Foot,Open Play,Volley,False,0.07208876,0
3857254,Tunisia,Mohamed Dräger,92.2,49.3,29.31433096626972,13.525940857929822,Right Foot,Open Play,Normal,False,0.020917216,0
3857254,Tunisia,Ellyes Joris Skhiri,99.5,39.6,20.503902067655318,20.238161073598306,Right Foot,Open Play,Volley,False,0.041405495,0
3857254,Tunisia,Dylan Daniel Mahmoud Bronn,103.9,36.4,16.497575579460147,24.485645310720532,Right Foot,Open Play,Half Volley,False,0.059058707,0
3857254,Denmark,Kasper Dolberg,117.0,35.0,5.830951894845301,46.82415150162938,Head,Open Play,Normal,False,0.25651878,0
3857254,Denmark,Christian Dannemann Eriksen,99.2,36.8,21.044714300745447,19.519864706040025,Left Foot,Open Play,Normal,False,0.08509644,0
3857254,Denmark,Andreas Christensen,117.4,37.0,3.9698866482558377,82.9182647820112,Head,Open Play,Normal,True,0.27134958,0
3857254,Denmark,Andreas Evald Cornelius,118.2,43.9,4.2953463189829035,69.0128588776574,Head,Open Play,Normal,False,0.5683119,0
3857254,Denmark,Mathias Jensen,102.5,24.2,23.577319610167734,13.285971348882082,Right Foot,Open Play,Normal,False,0.02872357,0
3857254,Denmark,Andreas Evald Cornelius,114.4,36.8,6.449806198638837,55.47022209789698,Head,Open Play,Normal,True,0.14539434,0
3857254,Denmark,Joakim Mæhle,95.0,30.2,26.852187992787478,14.49929532546851,Right Foot,Open Play,Normal,False,0.028684001,0
3857254,Denmark,Andreas Evald Cornelius,108.8,46.4,12.89961239727768,28.18364022577793,Head,Open Play,Normal,True,0.022084296,0
3857255,Spain,Sergio Busquets i Burgos,97.0,46.1,23.795167576632025,16.938149686971673,Left Foot,Open Play,Normal,False,0.03268242,0
3857255,Japan,Junya Ito,114.0,53.5,14.773286702694158,12.100808072838594,Right Foot,Open Play,Normal,False,0.04214545,0
3857255,Spain,Álvaro Borja Morata Martín,109.9,35.6,11.016805344563362,34.40013920669289,Head,Open Play,Normal,False,0.06376064,0
3857255,Spain,Álvaro Borja Morata Martín,115.3,38.3,4.997999599839924,71.3907632682706,Head,Open Play,Normal,True,0.33106714,1
3857255,Spain,Álvaro Borja Morata Martín,104.7,51.6,19.200260414900626,17.497758134571896,Right Foot,Open Play,Normal,False,0.10093839,0
3857255,Japan,Daichi Kamada,107.0,54.5,19.474342094150447,14.579769222192729,Right Foot,Open Play,Normal,False,0.03356069,0
3857255,Spain,Daniel Olmo Carvajal,102.8,35.2,17.857211428439776,22.39878416548138,Right Foot,Open Play,Normal,False,0.10385344,0
3857255,Japan,Ritsu Doan,100.5,55.8,25.09760944791356,13.036263999179914,Left Foot,Open Play,Normal,False,0.027777622,1
3857255,Japan,Ao Tanaka,118.7,40.2,1.3152946437965882,140.79478321344774,Other,Open Play,Normal,False,0.87261814,1
3857255,Japan,Takuma Asano,100.5,36.3,19.84792180556947,20.56077727823749,Right Foot,Open Play,Normal,False,0.13121767,0
3857255,Spain,Marco Asensio Willemsen,104.8,23.5,22.43412579085711,12.79585418921979,Left Foot,Open Play,Normal,False,0.016301522,0
3857255,Spain,Daniel Olmo Carvajal,86.3,46.3,34.283815423607685,11.985685297784299,Right Foot,Open Play,Normal,False,0.01649772,0
3857255,Japan,Ko Itakura,104.0,39.0,16.0312195418814,25.677293286617907,Head,Open Play,Normal,False,0.0504811,0
3857255,Spain,Marco Asensio Willemsen,96.8,52.1,26.165817395984405,14.19763544215305,Left Foot,Open Play,Normal,False,0.02842248,0
3857255,Spain,Jordi Alba Ramos,97.9,27.0,25.640007800310823,14.100566037135557,Right Foot,Open Play,Normal,False,0.0241939,0
3857255,Spain,Marco Asensio Willemsen,94.8,61.9,33.38637446623997,9.508968721600942,Left Foot,Open Play,Normal,False,0.007735879,0
3857255,Spain,Daniel Olmo Carvajal,111.0,52.0,15.0,17.293229051317475,Right Foot,Open Play,Normal,False,0.12373556,0
3857255,Spain,Daniel Olmo Carvajal,94.2,57.0,30.897249068485042,11.34546348006229,Right Foot,Open Play,Normal,False,0.008523117,0
3857256,Switzerland,Granit Xhaka,96.0,38.8,24.029981273400942,17.299975252601207,Left Foot,Open Play,Half Volley,False,0.036565553,0
3857256,Switzerland,Breel-Donald Embolo,113.1,40.7,6.935416353759886,55.50677031434272,Left Foot,Open Play,Half Volley,False,0.35328916,0
3857256,Switzerland,Granit Xhaka,103.8,41.9,16.311039206623228,25.14313511754316,Right Foot,Open Play,Half Volley,False,0.06952749,0
3857256,Serbia,Nikola Milenković,112.2,36.8,8.430895563343196,44.70628660157789,Head,Open Play,Normal,False,0.08160872,0
3857256,Serbia,Andrija Živković,97.8,51.5,25.00179993520467,14.877665910783177,Left Foot,Open Play,Normal,False,0.030001678,0
3857256,Serbia,Dušan Vlahović,115.4,38.6,4.808326112068517,73.89139813025027,Other,Open Play,Normal,False,0.5168786,0
3857256,Switzerland,Remo Freuler,107.8,35.9,12.87050892544658,30.393525405991838,Left Foot,Open Play,Half Volley,False,0.09611784,0
3857256,Switzerland,Xherdan Shaqiri,107.5,50.6,16.38932579455299,19.72387823213927,Left Foot,Open Play,Normal,False,0.06969889,1
3857256,Switzerland,Granit Xhaka,97.3,33.7,23.558013498595336,17.056584526651356,Left Foot,Open Play,Normal,False,0.04476528,0
3857256,Serbia,Dušan Vlahović,109.6,35.4,11.371895180663605,33.29306023171764,Head,Open Play,Normal,False,0.08628477,0
3857256,Serbia,Aleksandar Mitrović,108.3,38.6,11.783462988442746,34.32019492354866,Head,Open Play,Normal,False,0.06371751,1
3857256,Switzerland,Xherdan Shaqiri,107.7,49.2,15.360013020827815,22.027942088549352,Left Foot,Open Play,Normal,True,0.3934682,0
3857256,Serbia,Dušan Vlahović,106.2,31.8,16.05241414865689,22.46597585121535,Left Foot,Open Play,Normal,False,0.15928414,1
3857256,Switzerland,Ruben Vargas,101.0,47.3,20.354115063052973,19.13290176186728,Right Foot,Open Play,Normal,False,0.0683221,0
3857256,Switzerland,Breel-Donald Embolo,114.4,36.9,6.4007812023221,56.072162118131374,Right Foot,Open Play,Normal,False,0.72697556,1
3857256,Serbia,Aleksandar Mitrović,101.7,33.7,19.35406933954717,20.34880012298212,Right Foot,Open Play,Volley,False,0.056521177,0
3857256,Switzerland,Remo Freuler,107.2,41.2,12.856126943990555,31.67002968711864,Left Foot,Open Play,Half Volley,False,0.15381548,1
3857256,Switzerland,Fabian Lukas Schär,110.7,30.5,13.294359706281455,22.624597022594706,Right Foot,Open Play,Volley,False,0.07925899,0
3857256,Switzerland,Breel-Donald Embolo,116.1,39.3,3.962322551231796,85.3850796243382,Right Foot,Open Play,Half Volley,False,0.6647709,0
3857256,Serbia,Dušan Tadić,107.4,31.7,15.088074761214562,23.290858323922652,Left Foot,Open Play,Half Volley,False,0.061684445,0
3857256,Serbia,Aleksandar Mitrović,106.2,25.8,19.801010075246158,14.936148249522876,Right Foot,Open Play,Normal,False,0.03203667,0
3857256,Serbia,Luka Jović,102.2,43.2,18.08535318980528,22.55667433543813,Head,Open Play,Normal,True,0.02594082,0
3857256,Switzerland,Manuel Obafemi Akanji,99.4,52.7,24.200206610688262,14.76217061977523,Right Foot,Open Play,Normal,False,0.030122569,0
3857256,Switzerland,Christian Fassnacht,105.3,28.9,18.420097719610506,18.271696099125098,Right Foot,Open Play,Normal,False,0.31681746,0
3857256,Serbia,Luka Jović,105.0,39.8,15.001333274079341,27.420046571350376,Head,Open Play,Normal,True,0.03223471,0
3857256,Serbia,Nemanja Radonjić,105.7,51.3,18.225805880673697,18.178104034674774,Left Foot,Open Play,Half Volley,False,0.042810295,0
3857257,Australia,Riley McGree,94.6,46.6,26.243475379606267,15.393112955460657,Left Foot,Open Play,Normal,False,0.038979717,0
3857257,Denmark,Jesper Lindstrøm,110.1,43.9,10.640488710580925,35.977952823217336,Right Foot,Open Play,Normal,False,0.09599891,0
3857257,Denmark,Mathias Jensen,112.7,56.3,17.860011198204774,9.918737317497623,Right Foot,Open Play,Normal,False,0.019605601,0
3857257,Denmark,Andreas Skov Olsen,104.7,50.7,18.670297265978384,18.47614869177874,Right Foot,Open Play,Normal,False,0.10059545,0
3857257,Australia,Riley McGree,101.3,59.0,26.65876966403364,11.10635168330836,Left Foot,Open Play,Half Volley,False,0.010740947,0
3857257,Denmark,Andreas Skov Olsen,109.6,50.5,14.778700890132397,20.371472722535472,Right Foot,Open Play,Normal,False,0.09373255,0
3857257,Denmark,Christian Dannemann Eriksen,102.9,25.6,22.355536227073593,14.432296902772025,Right Foot,Open Play,Normal,False,0.035615563,0
3857257,Australia,Mitchell Thomas Duke,102.5,36.7,17.808424972467385,22.86691230643381,Head,Open Play,Normal,False,0.037495814,0
3857257,Australia,Mitchell Thomas Duke,98.3,20.9,28.908476265621477,10.933127677452427,Right Foot,Open Play,Normal,False,0.010397313,0
3857257,Australia,Aziz Eraltay Behich,100.2,34.1,20.66034849657672,19.31806076753833,Right Foot,Open Play,Half Volley,False,0.049681988,0
3857257,Australia,Jackson Irvine,109.6,30.8,13.88524396616783,22.99332924317733,Left Foot,Open Play,Half Volley,False,0.17342122,0
3857257,Denmark,Andreas Skov Olsen,107.2,52.9,18.172781845386243,16.473306537470847,Left Foot,Open Play,Normal,False,0.046983063,0
3857257,Australia,Mathew Leckie,105.7,31.5,16.63550420035413,21.677182235129568,Left Foot,Open Play,Normal,False,0.11353828,1
3857257,Denmark,Andreas Skov Olsen,103.1,49.3,19.289893727027117,19.02800823028565,Left Foot,Open Play,Normal,True,0.070518844,0
3857257,Denmark,Joachim Andersen,113.9,52.3,13.729530217745976,14.305667980076848,Head,Open Play,Normal,True,0.020115681,0
3857257,Denmark,Alexander Hartmann Bah,99.4,54.5,25.191466809219342,13.643943065975813,Right Foot,Open Play,Half Volley,False,0.019515881,0
3857257,Denmark,Kasper Dolberg,105.2,39.6,14.805404418657394,27.762441673416138,Left Foot,Open Play,Backheel,False,0.049264465,0
3857257,Denmark,Jesper Lindstrøm,97.5,38.2,22.571885167172013,18.36581887216934,Right Foot,Open Play,Normal,False,0.048889678,0
3857257,Australia,Keanu Baccus,97.7,47.5,23.527430798963152,16.815240964255086,Right Foot,Open Play,Normal,False,0.035468098,0
3857257,Denmark,Alexander Hartmann Bah,108.6,57.0,20.46851240320117,11.626782419278339,Right Foot,Open Play,Normal,False,0.03670106,0
3857257,Denmark,Kasper Dolberg,117.6,33.5,6.928924880528005,26.90936247480942,Right Foot,Open Play,Backheel,False,0.08217044,0
3857257,Denmark,Andreas Evald Cornelius,116.6,51.6,12.088010589009263,10.620562310903656,Head,Open Play,Normal,False,0.017447446,0
3857258,Brazil,Neymar da Silva Santos Junior,119.2,0.7,39.30814165029937,0.21904740805227468,Right Foot,Corner,Normal,False,0.00018,0
3857258,Brazil,Neymar da Silva Santos Junior,91.6,29.2,30.384206423732714,12.870974162112958,Right Foot,Open Play,Normal,False,0.020173745,0
3857258,Brazil,Carlos Henrique Casimiro,84.3,34.2,36.16807984950266,11.411045230439042,Right Foot,Open Play,Normal,False,0.0075366697,0
3857258,Brazil,Raphael Dias Belloli,105.3,49.2,17.341568556506072,20.53044722600905,Left Foot,Open Play,Half Volley,True,0.119197816,0
3857258,Serbia,Filip Mladenović,113.6,28.9,12.812884140582874,17.260849247042376,Head,Open Play,Normal,True,0.026318645,0
3857258,Brazil,Vinícius José Paixão de Oliveira Júnior,113.2,27.0,14.671059948074644,13.853064141356262,Right Foot,Open Play,Half Volley,False,0.09814694,0
3857258,Brazil,Raphael Dias Belloli,105.9,47.3,15.877657257920635,23.382890630762063,Left Foot,Open Play,Normal,False,0.4224228,0
3857258,Brazil,Neymar da Silva Santos Junior,99.1,27.0,24.613207836444243,14.479983817515198,Right Foot,Free Kick,Normal,False,0.06281959,0
3857258,Brazil,Thiago Emiliano da Silva,113.1,34.1,9.078546139112808,36.19447314918342,Head,Open Play,Normal,False,0.06673048,0
3857258,Brazil,Richarlison de Andrade,115.8,29.3,11.494781424629178,14.51682270816483,Right Foot,Open Play,Half Volley,False,0.0399856,0
3857258,Brazil,Danilo Luiz da Silva,95.9,54.2,27.972307734614958,12.919467356964564,Right Foot,Open Play,Volley,False,0.016877638,0
3857258,Brazil,Neymar da Silva Santos Junior,107.5,38.9,12.548306658669128,32.420962129017745,Left Foot,Open Play,Half Volley,False,0.11246919,0
3857258,Brazil,Alex Sandro Lobo Silva,88.0,32.0,32.984845004941285,12.296862068650022,Left Foot,Open Play,Normal,False,0.021819543,0
3857258,Brazil,Vinícius José Paixão de Oliveira Júnior,105.0,20.1,24.920072231034965,10.24318970724726,Right Foot,Open Play,Normal,False,0.009459062,0
3857258,Brazil,Vinícius José Paixão de Oliveira Júnior,110.0,26.9,16.48059464946578,15.827256377477845,Right Foot,Open Play,Normal,False,0.07986015,0
3857258,Brazil,Richarlison de Andrade,114.5,41.8,5.787054518492114,63.475494299716274,Right Foot,Open Play,Volley,False,0.568145,1
3857258,Brazil,Vinícius José Paixão de Oliveira Júnior,109.1,28.2,16.063934760823706,18.06245988343268,Left Foot,Open Play,Normal,False,0.14253756,0
3857258,Serbia,Strahinja Pavlović,111.8,38.5,8.336066218546973,46.93822516064159,Head,Open Play,Normal,True,0.098937765,0
3857258,Serbia,Darko Lazović,95.6,50.9,26.7239592875008,14.298682980979049,Right Foot,Open Play,Half Volley,False,0.018288644,0
3857258,Brazil,Richarlison de Andrade,107.1,39.6,12.906200060436076,31.652743247779355,Right Foot,Open Play,Volley,False,0.07569885,1
3857258,Brazil,Carlos Henrique Casimiro,86.3,31.2,34.83001579098121,11.618965937348687,Right Foot,Open Play,Normal,True,0.010592449,0
3857258,Brazil,Carlos Henrique Casimiro,98.1,35.2,22.41985726984006,18.14178437387031,Right Foot,Open Play,Normal,False,0.06218912,0
3857258,Brazil,Rodrygo Silva de Goes,98.8,27.3,24.712952069714376,14.563169673943628,Right Foot,Open Play,Normal,False,0.03669105,0
3857258,Brazil,Frederico Rodrigues Santos,95.6,43.5,24.649746449000247,16.729641747003157,Left Foot,Open Play,Normal,False,0.088970646,0
3857258,Serbia,Nikola Milenković,99.3,59.6,28.50701668010878,10.734833001766985,Right Foot,Open Play,Normal,False,0.011090157,0
3857258,Brazil,Rodrygo Silva de Goes,101.5,30.6,20.751144546747295,17.982461986948298,Right Foot,Open Play,Normal,False,0.051727816,0
3857258,Brazil,Antony Matheus dos Santos,99.4,59.1,28.092169727523714,10.999767446998765,Left Foot,Open Play,Normal,False,0.009657804,0
3857258,Serbia,Nemanja Radonjić,93.8,21.5,32.073197533142846,10.696846869382771,Right Foot,Open Play,Normal,True,0.008691933,0
3857259,Serbia,Aleksandar Mitrović,110.4,33.0,11.881077392223311,28.811337731649644,Head,Open Play,Normal,False,0.06545554,0
3857259,Serbia,Aleksandar Mitrović,114.4,54.2,15.264337522473749,10.573316344231177,Left Foot,Open Play,Normal,False,0.016927462,0
3857259,Serbia,Filip Kostić,108.2,21.4,22.027255843613386,10.374585177500151,Left Foot,Open Play,Normal,False,0.012009094,0
3857259,Cameroon,Nicolas Alexis Julio N'Koulou Ndoubena,95.9,33.9,24.860008045050986,16.265725467635914,Left Foot,Open Play,Normal,False,0.046143826,0
3857259,Serbia,Aleksandar Mitrović,108.9,38.6,11.187939935484096,36.014472544618755,Right Foot,Open Play,Half Volley,True,0.063389905,0
3857259,Cameroon,Pierre Kunde Malong,108.1,60.1,23.358510226467786,9.295063140404608,Right Foot,Open Play,Half Volley,False,0.009715966,0
3857259,Cameroon,Pierre Kunde Malong,96.8,50.1,25.303161857759992,15.158405230918135,Right Foot,Open Play,Normal,False,0.029523049,0
3857259,Cameroon,Nicolas Alexis Julio N'Koulou Ndoubena,115.2,33.5,8.080222769206303,34.10064333130936,Head,Open Play,Normal,False,0.09064111,0
3857259,Cameroon,Jean-Charles Castelletto,118.5,43.2,3.534119409414461,94.71492550226691,Right Foot,Open Play,Volley,False,0.8945071,1
3857259,Cameroon,Pierre Kunde Malong,103.5,53.8,21.510230124292022,15.046622018523799,Right Foot,Open Play,Normal,False,0.0845098,0
3857259,Cameroon,Pierre Kunde Malong,110.5,55.1,17.839843048636947,12.849406059658588,Right Foot,Open Play,Normal,False,0.056867022,0
3857259,Serbia,Strahinja Pavlović,110.7,42.8,9.712363255150619,40.068052064063494,Head,Open Play,Normal,False,0.07892812,1
3857259,Serbia,Sergej Milinković-Savić,99.6,46.7,21.47207488809594,18.447603651028214,Left Foot,Open Play,Normal,False,0.058657028,1
3857259,Serbia,Aleksandar Mitrović,98.4,45.9,22.391292950609166,17.95320567387149,Right Foot,Open Play,Normal,False,0.08318807,0
3857259,Serbia,Saša Lukić,103.0,49.6,19.52331938989884,18.694215461681136,Right Foot,Open Play,Half Volley,False,0.039666813,0
3857259,Serbia,Aleksandar Mitrović,113.6,40.2,6.403124237432855,59.49199319177967,Right Foot,Open Play,Normal,False,0.8974681,1
3857259,Cameroon,Vincent Paté Aboubakar,106.5,47.6,15.492256130079957,23.56062660339436,Left Foot,Open Play,Normal,False,0.05176351,0
3857259,Cameroon,Karl Brillant Toko Ekambi,106.4,24.5,20.62062074720351,13.589959265989341,Right Foot,Open Play,Normal,False,0.02132554,0
3857259,Serbia,Sergej Milinković-Savić,96.4,47.8,24.855582873873622,15.951095011649695,Right Foot,Open Play,Lob,True,0.10917903,0
3857259,Cameroon,Vincent Paté Aboubakar,104.4,49.0,18.009997223764355,20.164188519177827,Right Foot,Open Play,Lob,False,0.28323865,1
3857259,Cameroon,Jean-Eric Maxim Choupo-Moting,111.0,37.0,9.486832980505138,40.69562390889714,Left Foot,Open Play,Normal,False,0.46942416,1
3857259,Serbia,Nikola Milenković,110.5,45.7,11.078808600206072,32.455226762435046,Head,Open Play,Normal,True,0.0304652,0
3857259,Serbia,Aleksandar Mitrović,110.1,55.7,18.560711193270592,12.345513214268651,Right Foot,Open Play,Normal,False,0.10947208,0
3857259,Serbia,Sergej Milinković-Savić,95.2,48.2,26.120490041344933,15.184374296913681,Right Foot,Open Play,Normal,False,0.032438725,0
3857259,Cameroon,Vincent Paté Aboubakar,94.0,24.8,30.117104774529704,12.022696249283284,Right Foot,Open Play,Normal,False,0.025639288,0
3857259,Serbia,Aleksandar Mitrović,105.1,38.3,14.996666296213975,27.279126698828744,Right Foot,Open Play,Normal,False,0.1134657,0
3857259,Cameroon,Georges-Kévin Nkoudou Mbida,103.3,13.7,31.154132952146174,7.277964414718302,Right Foot,Free Kick,Normal,False,0.0070103277,0
3857259,Serbia,Marko Grujić,92.3,33.6,28.429737951659,14.310704248235396,Right Foot,Open Play,Half Volley,False,0.027356416,0
3857260,Mexico,Luis Gerardo Chávez Magallón,91.7,51.5,30.54734030975528,12.693042636765869,Left Foot,Open Play,Normal,False,0.021919996,0
3857260,Saudi Arabia,Saleh Khalid Al Shehri,92.9,41.7,27.15326867984773,15.324604175131913,Left Foot,Open Play,Volley,False,0.02182735,0
3857260,Mexico,Ernesto Alexis Vega Rojas,101.6,38.9,18.432851108821993,22.424932368486516,Right Foot,Open Play,Normal,False,0.3665275,0
3857260,Saudi Arabia,Mohammed Kanoo,113.0,54.1,15.7419820861288,12.33018814169819,Right Foot,Open Play,Half Volley,False,0.047937077,0
3857260,Saudi Arabia,Mohammed Kanoo,96.3,33.5,24.575190741884388,16.37118538622149,Right Foot,Free Kick,Normal,False,0.073429175,0
3857260,Mexico,Luis Gerardo Chávez Magallón,92.7,40.4,27.30293024567143,15.268580264100414,Left Foot,Open Play,Volley,False,0.01981399,0
3857260,Mexico,Orbelín Pineda Alvarado,104.0,44.6,16.648123017325407,23.942782688349162,Right Foot,Open Play,Normal,False,0.0489465,0
3857260,Mexico,Orbelín Pineda Alvarado,115.8,34.5,6.9202601107183845,41.70982360387512,Head,Open Play,Diving Header,False,0.30787364,0
3857260,Mexico,Luis Gerardo Chávez Magallón,89.6,28.9,32.36309626719916,12.145717500636236,Left Foot,Open Play,Normal,False,0.016814427,0
3857260,Mexico,Jesús Daniel Gallardo Vasconcelos,106.8,43.3,13.606248564538282,29.3636836967765,Right Foot,Open Play,Half Volley,False,0.06430086,0
3857260,Mexico,Luis Gerardo Chávez Magallón,84.6,49.2,36.5759483814159,11.070427577178789,Left Foot,Free Kick,Normal,False,0.0066389865,0
3857260,Mexico,Orbelín Pineda Alvarado,102.0,45.2,18.73606148580859,21.31737206032156,Left Foot,Open Play,Normal,False,0.062194254,0
3857260,Mexico,Ernesto Alexis Vega Rojas,106.1,29.3,17.54137964927503,19.07147956325823,Right Foot,Open Play,Normal,False,0.04950449,0
3857260,Mexico,Luis Gerardo Chávez Magallón,92.9,30.0,28.886155853626487,13.583366057214404,Left Foot,Open Play,Half Volley,False,0.015146091,0
3857260,Saudi Arabia,Ali Al Hassan,110.1,45.6,11.37409337046255,31.999698641261613,Head,Open Play,Diving Header,False,0.10154356,0
3857260,Mexico,Luis Gerardo Chávez Magallón,85.5,41.2,34.52086325687699,12.097004576972017,Left Foot,Open Play,Normal,False,0.018109906,0
3857260,Mexico,Hirving Rodrigo Lozano Bahena,102.7,19.2,27.054204848784597,9.995282376385331,Right Foot,Open Play,Normal,False,0.0068189544,0
3857260,Mexico,Henry Josué Martín Mex,116.7,40.2,3.3060550509633053,95.82799004039107,Left Foot,Open Play,Volley,False,0.28809994,1
3857260,Saudi Arabia,Sultan Abdullah Salim Al Ghannam,115.8,46.7,7.90759128938769,32.034722925881645,Right Foot,Open Play,Volley,False,0.21450256,0
3857260,Mexico,Luis Gerardo Chávez Magallón,86.7,41.3,33.3253657144224,12.525684748300618,Left Foot,Free Kick,Normal,False,0.024289701,1
3857260,Saudi Arabia,Sultan Abdullah Salim Al Ghannam,114.8,52.4,13.446189051177289,12.809976091851441,Head,Open Play,Normal,False,0.030311959,0
3857260,Mexico,Henry Josué Martín Mex,112.0,40.0,8.0,49.16818939087584,Head,Open Play,Normal,True,0.09122391,0
3857260,Saudi Arabia,Abdulelah Al Amri,109.1,45.1,12.034118164618468,31.26201610173352,Head,Open Play,Normal,False,0.037819926,0
3857260,Mexico,Hirving Rodrigo Lozano Bahena,97.5,31.3,24.12343259156955,16.15562255395572,Right Foot,Open Play,Normal,False,0.05300886,0
3857260,Saudi Arabia,Firas Tariq Nasser Al Albirakan,101.4,25.4,23.645718428502015,14.008661046529738,Left Foot,Open Play,Half Volley,False,0.013105479,0
3857260,Mexico,Henry Josué Martín Mex,108.8,34.9,12.30650234632083,30.70407958830502,Left Foot,Open Play,Volley,False,0.22500646,0
3857260,Mexico,Luis Gerardo Chávez Magallón,87.3,40.5,32.703822406562814,12.769760085086558,Left Foot,Free Kick,Normal,False,0.027150616,0
3857260,Mexico,Orbelín Pineda Alvarado,100.5,32.9,20.752349264601346,18.885061253926136,Right Foot,Open Play,Normal,False,0.08600338,0
3857260,Mexico,Carlos Uriel Antuna Romero,109.4,35.9,11.365298060323799,33.82999236851581,Right Foot,Open Play,Normal,False,0.26870292,0
3857260,Mexico,Edson Omar Álvarez Velázquez,85.8,42.8,34.3144284521832,12.136978233167678,Right Foot,Open Play,Half Volley,False,0.013687578,0
3857260,Saudi Arabia,Salem Mohammed Al Dawsari,89.2,40.3,30.801461004309516,13.552235724595302,Right Foot,Open Play,Normal,False,0.019886926,0
3857260,Mexico,Luis Gerardo Chávez Magallón,101.0,46.0,19.924858845171276,19.928670388928158,Left Foot,Open Play,Normal,False,0.057560198,0
3857260,Mexico,Rogelio Gabriel Funes Mori,98.8,37.4,21.358838919754046,19.31338088864572,Right Foot,Open Play,Normal,False,0.06664524,0
3857260,Mexico,Hirving Rodrigo Lozano Bahena,92.9,31.8,28.31342437784592,14.125717681221532,Right Foot,Free Kick,Normal,False,0.05359905,0
3857260,Mexico,Hirving Rodrigo Lozano Bahena,101.9,28.3,21.5522620622523,16.367822057287093,Right Foot,Open Play,Normal,False,0.06253588,0
3857260,Saudi Arabia,Salem Mohammed Al Dawsari,110.9,45.2,10.48093507278811,34.62919625346423,Right Foot,Open Play,Normal,False,0.51574713,1
3857261,England,Marcus Rashford,104.0,39.5,16.00781059358212,25.746352450205865,Right Foot,Open Play,Normal,False,0.28441095,0
3857261,England,Phil Foden,97.4,54.6,26.90576146478668,13.1067156297222,Left Foot,Open Play,Normal,False,0.02354375,0
3857261,England,Harry Maguire,120.0,54.6,14.600000000000001,0.0,Head,Open Play,Normal,True,0.01084097,0
3857261,England,Marcus Rashford,98.2,19.5,29.924738929521173,10.254235980967744,Right Foot,Open Play,Normal,False,0.010357286,0
3857261,England,Phil Foden,105.5,47.4,16.279127740760558,22.871765913217338,Left Foot,Open Play,Normal,False,0.05725451,0
3857261,Wales,Joe Allen,94.1,47.0,26.829275055431527,15.023065577117249,Right Foot,Open Play,Normal,False,0.022615774,0
3857261,England,Marcus Rashford,108.4,35.0,12.631706139710497,30.1537987452834,Right Foot,Open Play,Overhead Kick,False,0.081256144,0
3857261,England,Harry Kane,101.5,35.7,18.99315666233499,21.299438328004577,Left Foot,Open Play,Normal,False,0.028181294,0
3857261,England,Harry Kane,101.2,27.6,22.52110121641479,15.57236921127752,Right Foot,Open Play,Normal,False,0.030065771,0
3857261,England,John Stones,112.8,55.4,17.0,10.826004277022625,Head,Open Play,Normal,True,0.006450981,0
3857261,Wales,Joe Allen,100.7,51.3,22.36470433517957,16.18394094809226,Left Foot,Open Play,Normal,False,0.04109325,0
3857261,England,Marcus Rashford,96.1,29.3,26.185874054535592,14.586098238714603,Right Foot,Free Kick,Normal,False,0.05780817,1
3857261,England,Phil Foden,114.5,34.1,8.06597793203031,37.92786027292526,Left Foot,Open Play,Normal,False,0.44030064,1
3857261,Wales,Kieffer Roberto Francisco Moore,90.1,22.3,34.74622281630048,10.388185821449158,Right Foot,Open Play,Normal,False,0.00753591,0
3857261,England,Marcus Rashford,109.9,50.3,14.42567156149064,20.792474176145195,Left Foot,Open Play,Normal,False,0.096602984,1
3857261,England,Marcus Rashford,110.3,52.4,15.743252522906442,16.848821248762267,Right Foot,Open Play,Normal,False,0.13184288,0
3857261,Wales,Brennan Johnson,104.5,57.3,23.22800034441191,12.169155883867505,Right Foot,Open Play,Normal,False,0.02192258,0
3857261,England,Jude Bellingham,104.3,32.8,17.27223205031707,21.965942377668217,Right Foot,Open Play,Normal,False,0.25030845,0
3857261,England,Jude Bellingham,112.7,29.3,12.952991932368365,19.09191649728045,Left Foot,Open Play,Normal,False,0.24362406,0
3857261,England,Phil Foden,116.1,39.5,3.9319206502675055,85.86395268297639,Left Foot,Open Play,Half Volley,False,0.6100251,0
3857261,Wales,Harry Wilson,92.6,52.6,30.15824928605771,12.615859947915183,Left Foot,Free Kick,Normal,False,0.031328887,0
3857261,Wales,Rubin Colwill,98.3,26.1,25.770137756713684,13.718230715020791,Right Foot,Open Play,Normal,False,0.025066664,0
3857261,Wales,Kieffer Roberto Francisco Moore,102.1,34.6,18.69679116854013,21.293945582220687,Right Foot,Open Play,Normal,False,0.058446433,0
3857261,England,John Stones,114.4,43.9,6.824221567329121,51.01711295848775,Left Foot,Open Play,Half Volley,True,0.45507616,0
3857261,England,Phil Foden,111.0,48.5,12.379418403139947,25.223311578612147,Left Foot,Open Play,Normal,False,0.09753507,0
3857262,Portugal,Ricardo Jorge Luz Horta,113.6,47.0,9.484724561103505,31.461507430229805,Right Foot,Open Play,Normal,False,0.29158956,1
3857262,Portugal,João Pedro Cavaco Cancelo,117.5,20.6,19.56041921841145,2.8375258809298316,Right Foot,Open Play,Normal,False,0.010523141,0
3857262,South Korea,Heung-Min Son,108.5,21.6,21.698156603730187,10.427716804015823,Right Foot,Open Play,Normal,False,0.011031977,0
3857262,South Korea,Gue-Sung Cho,111.1,32.0,11.967038062946074,26.65001299451203,Head,Open Play,Normal,False,0.040536147,0
3857262,South Korea,Young-Gwon Kim,116.7,38.0,3.858756276314945,86.45993415527786,Left Foot,Open Play,Half Volley,False,0.6242964,1
3857262,South Korea,In-Beom Hwang,98.2,31.4,23.43501653509124,16.584852530722472,Left Foot,Open Play,Normal,False,0.020656463,0
3857262,Portugal,José Diogo Dalot Teixeira,92.8,40.0,27.200000000000003,15.327242414329397,Left Foot,Open Play,Normal,False,0.036435805,0
3857262,Portugal,Vitor Machado Ferreira,91.6,45.7,28.966359798911572,14.132499480552896,Right Foot,Open Play,Half Volley,False,0.017112639,0
3857262,Portugal,Cristiano Ronaldo dos Santos Aveiro,110.6,56.3,18.816216410320116,11.41939725840009,Right Foot,Open Play,Normal,False,0.022429451,0
3857262,South Korea,Heung-Min Son,94.6,44.2,25.744902408049644,15.97670436151518,Left Foot,Open Play,Half Volley,False,0.024709688,0
3857262,Portugal,Matheus Luiz Nunes,92.6,58.9,33.28618331981004,10.383592196129785,Right Foot,Open Play,Normal,False,0.007849269,0
3857262,Portugal,Vitor Machado Ferreira,97.8,46.9,23.24758051927125,17.135833736112552,Right Foot,Open Play,Normal,False,0.03675865,0
3857262,Portugal,Cristiano Ronaldo dos Santos Aveiro,112.7,35.0,8.848163651289456,39.469067860239335,Head,Open Play,Diving Header,False,0.28873095,0
3857262,Portugal,Ricardo Jorge Luz Horta,104.3,43.4,16.063934760823702,25.161329814133687,Left Foot,Open Play,Normal,False,0.11468789,0
3857262,Portugal,Ricardo Jorge Luz Horta,101.8,45.2,18.92828571212935,21.120846362645278,Right Foot,Open Play,Normal,False,0.052517958,0
3857262,South Korea,Heung-Min Son,104.5,54.7,21.362116000059547,14.367376766348077,Right Foot,Open Play,Normal,False,0.023785131,0
3857262,South Korea,Jae-Sung Lee,97.9,50.9,24.64183434730458,15.238942534148551,Left Foot,Open Play,Volley,False,0.021393217,0
3857262,South Korea,Heung-Min Son,98.1,47.1,23.022163234587673,17.23906080735636,Left Foot,Open Play,Normal,False,0.039930075,0
3857262,South Korea,In-Beom Hwang,98.4,35.1,22.148814866714645,18.33264348410147,Left Foot,Open Play,Normal,False,0.100738145,0
3857262,South Korea,Heung-Min Son,111.1,52.8,15.590060936378665,15.83749561390982,Right Foot,Open Play,Volley,False,0.04621987,0
3857262,Portugal,Rafael Alexandre Conceição Leão,94.1,55.0,29.930085198675936,12.125743857595419,Right Foot,Open Play,Normal,False,0.029762346,0
3857262,South Korea,Kang-In Lee,88.0,49.4,33.35206140555633,12.03231524915668,Left Foot,Free Kick,Normal,False,0.023724081,0
3857262,Portugal,João Maria Lobo Alves Palhinha Gonçalves,88.8,40.2,31.200641019056004,13.380777015442122,Right Foot,Open Play,Normal,False,0.021024177,0
3857262,Portugal,João Pedro Cavaco Cancelo,112.1,25.0,16.953170794869028,11.916838160668098,Left Foot,Open Play,Normal,False,0.04430043,0
3857262,South Korea,Hee-Chan Hwang,108.3,44.6,12.571793825862724,30.628053601447668,Right Foot,Open Play,Normal,False,0.42196128,1
3857263,Spain,Daniel Olmo Carvajal,100.5,26.1,23.94702486740263,14.298210809032208,Right Foot,Open Play,Normal,False,0.032144632,0
3857263,Spain,Jordi Alba Ramos,96.6,23.3,28.748043411682826,11.896664369418996,Right Foot,Open Play,Normal,False,0.021667236,0
3857263,Germany,Serge Gnabry,102.8,56.6,23.903974564912843,12.714879226464134,Left Foot,Open Play,Normal,False,0.028963488,0
3857263,Spain,Ferrán Torres García,102.8,46.4,18.35211159512714,21.27137357333327,Left Foot,Open Play,Normal,False,0.068952255,0
3857263,Germany,Antonio Rüdiger,89.6,25.9,33.51074454559314,11.34037159871702,Right Foot,Open Play,Normal,False,0.0065071667,0
3857263,Spain,Ferrán Torres García,109.8,54.6,17.810109488714552,13.807555792404196,Right Foot,Open Play,Normal,False,0.04777013,0
3857263,Germany,Antonio Rüdiger,113.7,60.2,21.159631376751346,6.060744301509938,Right Foot,Open Play,Half Volley,False,0.008851705,0
3857263,Germany,Joshua Kimmich,105.8,40.6,14.212670403551899,28.86011815387261,Right Foot,Open Play,Normal,False,0.09558376,0
3857263,Spain,Daniel Olmo Carvajal,85.8,31.1,35.33907186104355,11.45492374946399,Right Foot,Open Play,Normal,False,0.0118638035,0
3857263,Spain,Álvaro Borja Morata Martín,113.2,34.3,8.872992730753248,37.30251088856764,Right Foot,Open Play,Normal,False,0.31874228,1
3857263,Germany,Leon Goretzka,96.2,39.7,23.801890681204295,17.482416734833407,Right Foot,Open Play,Normal,False,0.036448006,0
3857263,Spain,Marco Asensio Willemsen,101.7,45.4,19.08009433938941,20.907715161930934,Left Foot,Open Play,Normal,False,0.13836038,0
3857263,Germany,Niclas Füllkrug,111.2,41.5,8.926925562588721,44.17667619104042,Right Foot,Open Play,Normal,False,0.3730103,0
3857263,Germany,Jamal Musiala,110.1,50.1,14.142842712835357,21.22165694237648,Right Foot,Open Play,Normal,False,0.28996226,0
3857263,Germany,Serge Gnabry,104.9,23.6,22.29282395749807,12.875081345485281,Right Foot,Open Play,Volley,False,0.024480116,0
3857263,Germany,Niclas Füllkrug,111.3,42.8,9.139474820797966,42.24032827325702,Head,Open Play,Normal,False,0.065169856,0
3857263,Germany,Joshua Kimmich,98.9,25.7,25.489213404889522,13.643695774509768,Right Foot,Free Kick,Normal,False,0.053563386,0
3857263,Germany,Niclas Füllkrug,110.8,51.9,15.041608956491324,17.556604943041226,Right Foot,Open Play,Normal,False,0.16441207,1
3857264,Poland,Krystian Bielik,100.7,41.3,19.343732835210474,21.38432364497029,Left Foot,Open Play,Normal,False,0.061495427,0
3857264,Argentina,Lionel Andrés Messi Cuccittini,99.0,37.7,21.12557691519926,19.549856291475024,Right Foot,Open Play,Normal,False,0.050872557,0
3857264,Argentina,Ángel Fabián Di María Hernández,94.3,40.5,25.70486335306998,16.204331159748286,Left Foot,Open Play,Normal,False,0.034158513,0
3857264,Argentina,Lionel Andrés Messi Cuccittini,111.7,25.8,16.447796204963144,13.29409171755449,Left Foot,Open Play,Normal,False,0.053250678,0
3857264,Argentina,Marcos Javier Acuña,107.0,27.9,17.759786034747155,17.48882197548609,Right Foot,Open Play,Half Volley,False,0.05141401,0
3857264,Poland,Kamil Glik,105.9,43.5,14.52790418470606,27.57166181330487,Right Foot,Open Play,Backheel,False,0.06557972,0
3857264,Argentina,Julián Álvarez,110.8,47.7,11.99708297879114,27.289660759207948,Right Foot,Open Play,Normal,False,0.1493578,0
3857264,Argentina,Marcos Javier Acuña,102.9,22.5,24.467529503405117,12.072122844603502,Left Foot,Open Play,Normal,False,0.024708062,0
3857264,Argentina,Ángel Fabián Di María Hernández,119.6,79.2,39.202040763205176,0.11012298233922829,Left Foot,Corner,Normal,False,0.00018,0
3857264,Argentina,Enzo Fernandez,91.6,39.7,28.40158446284292,14.685240292716571,Right Foot,Open Play,Normal,False,0.024548035,0
3857264,Argentina,Julián Álvarez,110.4,27.6,15.681836627130123,16.815522836687897,Left Foot,Open Play,Normal,False,0.19083758,0
3857264,Argentina,Julián Álvarez,102.4,27.0,21.88058500132023,15.474276547556597,Right Foot,Open Play,Normal,False,0.03720347,0
3857264,Argentina,Rodrigo Javier De Paul,112.2,40.3,7.805767098754609,50.22144515615443,Other,Open Play,Normal,False,0.3152717,0
3857264,Argentina,Ángel Fabián Di María Hernández,106.7,58.4,22.70352395554487,10.974321472172353,Left Foot,Open Play,Normal,False,0.010134568,0
3857264,Argentina,Alexis Mac Allister,106.0,46.7,15.520631430454111,24.25026069710691,Right Foot,Open Play,Normal,False,0.107545994,1
3857264,Poland,Kamil Glik,108.8,43.5,11.73413822996815,33.40865566254185,Head,Open Play,Normal,True,0.04381306,0
3857264,Poland,Michał Skóraś,101.1,56.9,25.35389516425435,12.396532814144463,Left Foot,Open Play,Normal,False,0.026707038,0
3857264,Argentina,Lionel Andrés Messi Cuccittini,105.8,28.4,18.33575741549828,17.84871666727741,Left Foot,Open Play,Normal,False,0.06119443,0
3857264,Argentina,Lionel Andrés Messi Cuccittini,109.4,50.7,15.061540425866138,19.976519924152534,Left Foot,Open Play,Normal,True,0.058334265,0
3857264,Argentina,Julián Álvarez,107.7,41.5,12.391125856838027,32.718783689722024,Left Foot,Open Play,Normal,False,0.15200824,0
3857264,Argentina,Alexis Mac Allister,106.0,46.0,15.231546211727817,25.116809088151307,Left Foot,Open Play,Normal,False,0.13009955,0
3857264,Argentina,Lionel Andrés Messi Cuccittini,107.2,25.9,19.04337155022713,15.01738119610703,Left Foot,Open Play,Normal,False,0.023947677,0
3857264,Argentina,Julián Álvarez,106.0,33.5,15.435349040433131,24.501676576526155,Right Foot,Open Play,Normal,False,0.10054177,1
3857264,Argentina,Lionel Andrés Messi Cuccittini,106.5,35.1,14.36175476743702,27.129726738424083,Left Foot,Open Play,Normal,False,0.13232325,0
3857264,Argentina,Julián Álvarez,106.1,52.6,18.760863519571807,16.726515310964697,Right Foot,Open Play,Normal,False,0.18145993,0
3857264,Argentina,Lautaro Javier Martínez,109.4,52.2,16.161683080669537,17.386273686208973,Right Foot,Open Play,Normal,False,0.17955275,0
3857264,Argentina,Nicolás Alejandro Tagliafico,108.2,30.2,15.338839591051206,21.27015667463672,Left Foot,Open Play,Lob,False,0.22421487,0
3857265,Poland,Robert Lewandowski,110.6,37.2,9.808159868191387,39.72557598074524,Head,Open Play,Normal,True,0.056964528,0
3857265,Mexico,Héctor Alfredo Moreno Herrera,114.5,42.4,6.000833275470999,60.67669058124007,Head,Open Play,Normal,True,0.1766503,0
3857265,Mexico,Ernesto Alexis Vega Rojas,113.2,34.6,8.68331733843696,38.75686052208261,Head,Open Play,Normal,True,0.098180205,0
3857265,Mexico,Ernesto Alexis Vega Rojas,108.5,23.7,19.948433522459855,12.347748286249402,Left Foot,Open Play,Volley,False,0.025630916,0
3857265,Mexico,Jorge Eduardo Sánchez Ramos,110.1,60.7,22.945587811167538,8.03896580346544,Right Foot,Open Play,Normal,False,0.0069717234,0
3857265,Mexico,Luis Gerardo Chávez Magallón,92.1,56.9,32.61931942882929,11.000383838682039,Left Foot,Open Play,Normal,True,0.008207667,0
3857265,Mexico,Hirving Rodrigo Lozano Bahena,93.9,25.2,30.00416637735499,12.157238837584538,Right Foot,Open Play,Normal,False,0.02413981,0
3857265,Poland,Jakub Kamiński,113.4,48.8,10.999999999999995,24.179027562681075,Right Foot,Open Play,Normal,False,0.10166888,0
3857265,Mexico,Ernesto Alexis Vega Rojas,107.9,29.9,15.761345120261781,20.649569815676244,Right Foot,Open Play,Normal,False,0.0609232,0
3857265,Mexico,Henry Josué Martín Mex,106.7,35.1,14.173919711921608,27.439233621682718,Head,Open Play,Normal,False,0.06434309,0
3857265,Mexico,Ernesto Alexis Vega Rojas,102.7,60.6,26.90074348414928,10.109415344182061,Right Foot,Open Play,Normal,False,0.009746956,0
3857265,Mexico,Ernesto Alexis Vega Rojas,93.0,24.5,31.132780152116194,11.682299972841742,Right Foot,Open Play,Half Volley,False,0.014301864,0
3857265,Poland,Jakub Piotr Kiwior,113.3,41.7,6.912307863514186,54.96597564525307,Head,Open Play,Normal,True,0.12449861,0
3857265,Poland,Jakub Kamiński,109.4,24.8,18.531055015837598,13.231291339434177,Left Foot,Open Play,Normal,True,0.04959144,0
3857265,Poland,Grzegorz Krychowiak,90.9,48.7,30.372685096974877,13.187065307322403,Right Foot,Open Play,Normal,False,0.02170277,0
3857265,Mexico,Carlos Uriel Antuna Romero,101.9,56.4,24.424782496472712,12.799815675727498,Left Foot,Open Play,Normal,True,0.0400392,0
3857266,France,Ousmane Dembélé,97.8,38.0,22.28990803031722,18.57944934574373,Right Foot,Open Play,Normal,False,0.04759094,0
3857266,France,Adrien Rabiot,115.0,45.6,7.507329751649385,40.426616825710575,Head,Open Play,Normal,True,0.10936305,0
3857266,France,Raphaël Varane,112.4,46.9,10.264989040422785,31.16823196083014,Head,Open Play,Normal,True,0.0425816,0
3857266,France,Olivier Giroud,111.9,38.9,8.174350127074318,47.979917154325726,Head,Open Play,Normal,True,0.11903284,0
3857266,France,Adrien Rabiot,108.9,44.3,11.903780911962377,32.345067915103336,Head,Open Play,Normal,False,0.04225832,0
3857266,France,Jules Koundé,109.0,56.2,19.581624038878903,12.275945401143625,Right Foot,Open Play,Half Volley,True,0.02881258,0
3857266,France,Antoine Griezmann,118.2,23.1,16.995587662684688,2.7385810687612078,Left Foot,Open Play,Normal,True,0.010852635,0
3857266,France,Aurélien Djani Tchouaméni,99.7,39.1,20.319940944796073,20.40272709645057,Right Foot,Open Play,Normal,False,0.054124165,0
3857266,France,Ousmane Dembélé,108.2,48.0,14.256226709757387,24.46473447917748,Left Foot,Open Play,Volley,False,0.046849832,0
3857266,France,Adrien Rabiot,100.1,24.5,25.22419473442116,13.163066776969734,Left Foot,Open Play,Normal,False,0.02230111,0
3857266,Denmark,Andreas Evald Cornelius,107.4,55.8,20.2089089265106,13.142868111080594,Right Foot,Open Play,Normal,False,0.048269883,0
3857266,France,Olivier Giroud,108.6,45.2,12.529964086141675,30.160717029415135,Head,Open Play,Normal,True,0.045027424,0
3857266,France,Kylian Mbappé Lottin,106.0,43.8,14.506550244630871,27.478302399810275,Right Foot,Open Play,Normal,False,0.18605462,0
3857266,Denmark,Christian Dannemann Eriksen,83.0,42.5,37.08436328157732,11.247989295177907,Right Foot,Open Play,Normal,False,0.006951803,0
3857266,France,Kylian Mbappé Lottin,98.6,18.5,30.334963326168705,9.800856195695154,Right Foot,Open Play,Normal,False,0.011081066,0
3857266,France,Kylian Mbappé Lottin,104.1,30.1,18.730189534545563,19.030880780106276,Left Foot,Open Play,Normal,False,0.03630777,0
3857266,France,Antoine Griezmann,102.6,38.8,17.441330224498365,23.65270341856894,Left Foot,Open Play,Half Volley,False,0.21733604,0
3857266,France,Kylian Mbappé Lottin,110.8,31.3,12.662148316932639,24.623264021593442,Right Foot,Open Play,Half Volley,False,0.08505598,1
3857266,Denmark,Joachim Andersen,112.2,43.9,8.720665112249177,42.34243526612839,Head,Open Play,Normal,True,0.082872435,0
3857266,Denmark,Andreas Christensen,113.0,37.6,7.3999999999999995,51.08718065823384,Head,Open Play,Normal,False,0.25384808,1
3857266,Denmark,Jesper Lindstrøm,107.4,33.0,14.413882197381795,25.38580530925703,Right Foot,Open Play,Normal,False,0.18929456,0
3857266,Denmark,Christian Dannemann Eriksen,93.3,45.1,27.18271509617831,15.077021684463592,Left Foot,Open Play,Normal,False,0.0264413,0
3857266,France,Aurélien Djani Tchouaméni,113.7,37.7,6.706713054842883,55.59313574552283,Head,Open Play,Diving Header,False,0.22405402,0
3857266,France,Jules Koundé,110.7,40.7,9.326306878931229,42.773201623465404,Head,Open Play,Normal,True,0.106879756,0
3857266,France,Adrien Rabiot,112.7,47.3,10.32375900532359,29.83184029070017,Left Foot,Open Play,Overhead Kick,False,0.080693014,0
3857266,Denmark,Martin Braithwaite Christensen,110.0,45.1,11.225417586887358,33.024096460795086,Right Foot,Open Play,Normal,False,0.23786028,0
3857266,Denmark,Pierre-Emile Højbjerg,87.2,48.7,33.93420103671221,11.9122167275601,Right Foot,Open Play,Normal,False,0.015153575,0
3857266,France,Kylian Mbappé Lottin,117.8,36.5,4.134005321718879,77.07940872182115,Other,Open Play,Normal,False,0.38353118,1
3857266,Denmark,Joachim Andersen,94.3,53.4,28.9836160614924,12.820609741240673,Left Foot,Open Play,Normal,False,0.014218964,0
3857266,France,Kylian Mbappé Lottin,99.4,25.5,25.191466809219342,13.643943065975813,Right Foot,Open Play,Half Volley,False,0.033781487,0
3857266,Denmark,Joakim Mæhle,87.5,42.4,32.588494902342454,12.782367138130855,Right Foot,Open Play,Half Volley,False,0.013632962,0
3857267,Senegal,Idrissa Gana Gueye,106.9,45.7,14.286357128393504,26.69464747793062,Right Foot,Open Play,Normal,False,0.21271749,0
3857267,Senegal,Boulaye Dia,109.3,51.9,16.00312469488381,17.885593821348518,Right Foot,Open Play,Normal,False,0.16839646,0
3857267,Ecuador,Enner Remberto Valencia Lastra,86.9,40.9,33.11223338888514,12.610447867232036,Right Foot,Free Kick,Normal,False,0.021615954,0
3857267,Ecuador,Enner Remberto Valencia Lastra,95.9,37.7,24.20950226667206,17.12057255609012,Right Foot,Open Play,Half Volley,False,0.02803523,0
3857267,Senegal,Ismaïla Sarr,99.2,40.2,20.800961516237653,19.957629795162205,Right Foot,Open Play,Half Volley,False,0.042373266,0
3857267,Senegal,Iliman Ndiaye,99.7,52.9,24.052026941611384,14.732592756231893,Left Foot,Open Play,Normal,False,0.02889044,0
3857267,Senegal,Ismaïla Sarr,104.1,25.5,21.51882896442091,14.511569769945321,Right Foot,Open Play,Normal,False,0.023828069,0
3857267,Senegal,Pape Gueye,93.0,36.3,27.252339349127443,15.163053506400646,Left Foot,Open Play,Normal,False,0.025696881,0
3857267,Senegal,Abdou Diallo,107.9,41.9,12.248265183282074,32.954869374989144,Head,Open Play,Normal,False,0.035411544,0
3857267,Senegal,Pathé Ismaël Ciss,108.1,33.6,13.511846653955192,27.24396589308115,Head,Open Play,Normal,False,0.03057826,0
3857267,Senegal,Iliman Ndiaye,107.3,46.7,14.358969322343443,25.744175567995352,Left Foot,Open Play,Half Volley,False,0.04522632,0
3857267,Ecuador,José Adoni Cifuentes Charcopa,93.8,51.3,28.532963393240458,13.469191469970992,Right Foot,Open Play,Normal,False,0.025271386,0
3857267,Ecuador,Michael Steveen Estrada Martínez,106.7,38.8,13.354025610279468,30.55212303717123,Head,Open Play,Normal,False,0.042533338,0
3857267,Ecuador,Felix Eduardo Torres Caicedo,113.7,42.7,6.854195795277516,53.935677378792555,Head,Open Play,Normal,False,0.15397952,0
3857267,Ecuador,Moisés Isaac Caicedo Corozo,117.2,35.6,5.215361924162116,56.03907198797625,Right Foot,Open Play,Volley,False,0.5894187,1
3857267,Senegal,Kalidou Koulibaly,114.3,46.0,8.275868534480235,37.13731500707973,Right Foot,Open Play,Volley,False,0.23427999,1
3857267,Ecuador,Gonzalo Jordy Plata Jiménez,107.0,42.8,13.29812016790343,30.208663302599167,Left Foot,Open Play,Half Volley,False,0.058988493,0
3857267,Senegal,Boulaye Dia,101.3,54.6,23.724459951703857,13.989164132956896,Right Foot,Open Play,Normal,False,0.04455093,0
3857267,Senegal,Pape Gueye,102.6,54.8,22.842942017174586,14.06454951921699,Right Foot,Open Play,Normal,False,0.03201506,0
3857267,Ecuador,Jeremy Leonel Sarmiento Morante,105.3,32.1,16.688319268278637,22.091885402673935,Head,Open Play,Normal,False,0.02928531,0
3857267,Ecuador,Jackson Gabriel Porozo Vernaza,105.9,34.3,15.208550226763887,25.344914530731963,Head,Open Play,Normal,False,0.052534856,0
3857268,Belgium,Michy Batshuayi Tunga,91.7,31.8,29.464045886469833,13.623681071288843,Right Foot,Open Play,Normal,False,0.017552001,0
3857268,Canada,Stephen Antunes Eustáquio,109.8,50.0,14.284257068535279,21.387305221028658,Right Foot,Open Play,Normal,False,0.0798905,0
3857268,Canada,Jonathan David,111.4,42.8,9.044335243676004,42.62310571004342,Right Foot,Open Play,Half Volley,False,0.12589528,0
3857268,Canada,Tajon Buchanan,106.2,35.6,14.484474446799922,27.217962435907708,Right Foot,Open Play,Half Volley,False,0.05664073,0
3857268,Canada,Jonathan David,110.4,34.6,11.014535850411486,33.06905476326095,Right Foot,Open Play,Volley,False,0.20472932,0
3857268,Canada,Richie Laryea,105.0,56.4,22.225210910135363,12.870096270342968,Left Foot,Open Play,Normal,True,0.033730526,0
3857268,Canada,Jonathan David,107.7,45.9,13.641847382227963,27.534386692967285,Left Foot,Open Play,Normal,False,0.08619453,0
3857268,Canada,David Junior Hoilett,104.9,53.9,20.523644900455665,15.164480959470511,Left Foot,Open Play,Normal,False,0.04071268,0
3857268,Belgium,Michy Batshuayi Tunga,112.3,50.2,12.780062597655776,20.602465699647304,Right Foot,Open Play,Normal,False,0.04664896,0
3857268,Canada,Atiba Hutchinson,98.1,44.7,22.398660674245686,18.17476093936015,Right Foot,Open Play,Normal,False,0.04634635,0
3857268,Canada,Alistair Johnston,108.1,56.3,20.181674856165927,12.469702747835736,Right Foot,Open Play,Normal,False,0.033541974,0
3857268,Canada,Jonathan David,104.4,37.5,15.799050604387588,25.800294406840457,Right Foot,Open Play,Normal,False,0.08845105,0
3857268,Canada,Jonathan David,111.1,34.1,10.678014796768174,32.9205297109154,Head,Open Play,Normal,False,0.088843234,0
3857268,Belgium,Michy Batshuayi Tunga,111.8,51.3,13.961733416735903,18.296368910257055,Right Foot,Open Play,Volley,False,0.08121458,0
3857268,Belgium,Michy Batshuayi Tunga,109.0,36.1,11.670903992407785,33.24978825162678,Left Foot,Open Play,Half Volley,False,0.24992359,1
3857268,Canada,Tajon Buchanan,112.6,42.5,7.810889834071409,48.68409462861662,Left Foot,Open Play,Half Volley,True,0.29588586,0
3857268,Canada,Stephen Antunes Eustáquio,100.5,38.5,19.557607215607945,21.14247585312034,Right Foot,Open Play,Half Volley,False,0.048581414,0
3857268,Canada,Jonathan David,111.7,36.9,8.860022573334673,43.02125285567055,Head,Open Play,Normal,True,0.120068476,0
3857268,Canada,Stephen Antunes Eustáquio,97.8,52.7,25.57596527992639,14.231365774443875,Right Foot,Open Play,Normal,False,0.03604073,0
3857268,Canada,Tajon Buchanan,98.3,34.5,22.38615643651228,18.038905424582097,Right Foot,Open Play,Normal,False,0.0587075,0
3857268,Canada,Richie Laryea,101.7,54.6,23.4104677441524,14.065731242404626,Right Foot,Open Play,Normal,False,0.022910038,0
3857268,Belgium,Michy Batshuayi Tunga,103.9,43.0,16.377118183612154,24.820604313974794,Right Foot,Open Play,Normal,False,0.0897183,0
3857268,Canada,Jonathan David,103.1,38.1,17.00646935727696,24.1563652321554,Left Foot,Open Play,Normal,False,0.04574546,0
3857268,Canada,Cyle Larin,108.2,44.1,12.491997438360286,31.194541081152632,Head,Open Play,Normal,False,0.07200206,0
3857268,Belgium,Leander Dendoncker,112.5,43.5,8.276472678623424,44.89353840524058,Head,Open Play,Normal,True,0.08894938,0
3857268,Belgium,Kevin De Bruyne,96.6,39.5,23.40534127074417,17.77145045553384,Right Foot,Open Play,Normal,False,0.061057936,0
3857268,Canada,Cyle Larin,111.7,37.5,8.668333173107731,44.53771645157068,Head,Open Play,Normal,True,0.111036494,0
3857268,Belgium,Thomas Meunier,98.0,55.5,26.911893281595777,12.76457295273442,Right Foot,Open Play,Normal,False,0.025805552,0
3857268,Belgium,Kevin De Bruyne,114.3,59.2,20.028230076569425,6.141949371186236,Right Foot,Open Play,Normal,False,0.009170555,0
3857268,Canada,Cyle Larin,111.1,36.1,9.716995420396167,38.80116384725465,Head,Open Play,Normal,True,0.06675813,0
3857269,Switzerland,Silvan Widmer,114.9,30.0,11.225417586887355,18.340508470886398,Right Foot,Open Play,Volley,False,0.05117428,0
3857269,Brazil,Vinícius José Paixão de Oliveira Júnior,112.1,34.0,9.920181449953427,34.22409253798147,Right Foot,Open Play,Volley,False,0.21638125,0
3857269,Brazil,Carlos Henrique Casimiro,94.3,39.7,25.701750913118744,16.208126966462554,Right Foot,Open Play,Half Volley,False,0.023129713,0
3857269,Brazil,Raphael Dias Belloli,90.1,46.2,30.536044275577023,13.39518351767978,Left Foot,Open Play,Normal,False,0.02201561,0
3857269,Brazil,Richarlison de Andrade,104.2,41.2,15.845504094221804,25.947314868507704,Head,Open Play,Normal,True,0.022230485,0
3857269,Brazil,Éder Gabriel Militão,93.2,45.0,27.26242835845699,15.045020447958503,Right Foot,Open Play,Normal,False,0.02857021,0
3857269,Brazil,Thiago Emiliano da Silva,115.0,43.5,6.103277807866851,56.90531734338095,Head,Open Play,Normal,True,0.14148508,0
3857269,Switzerland,Djibril Sow,112.6,48.8,11.49782588144385,24.510268284829312,Right Foot,Open Play,Normal,False,0.087867536,0
3857269,Switzerland,Ruben Vargas,104.3,26.2,20.902870616257474,15.181384778766676,Right Foot,Open Play,Normal,False,0.029704679,0
3857269,Switzerland,Manuel Obafemi Akanji,103.5,43.9,16.954645381133748,23.78305586805679,Head,Open Play,Normal,False,0.028123023,0
3857269,Switzerland,Djibril Sow,99.4,37.0,20.817300497422806,19.751132774119302,Right Foot,Open Play,Normal,False,0.0625126,0
3857269,Switzerland,Edimilson Fernandes,97.4,42.8,22.772790781983655,18.13132287381397,Right Foot,Open Play,Normal,False,0.029247057,0
3857269,Brazil,Marcos Aoás Corrêa,110.6,37.4,9.752948272189293,40.0957602586377,Head,Open Play,Normal,True,0.07814184,0
3857269,Brazil,Richarlison de Andrade,107.0,26.5,18.741664813991314,15.730393740761595,Left Foot,Open Play,Normal,False,0.038312852,0
3857269,Brazil,Bruno Guimarães Rodriguez Moura,102.2,47.4,19.27692921603438,19.988736657561702,Head,Open Play,Normal,False,0.021188514,0
3857269,Brazil,Carlos Henrique Casimiro,106.3,29.4,17.321951391226108,19.282025795211087,Right Foot,Open Play,Half Volley,False,0.068805926,1
3857269,Brazil,Rodrygo Silva de Goes,109.7,25.4,17.867568385205637,13.84785999615384,Right Foot,Open Play,Normal,False,0.04824855,0
3857269,Brazil,Antony Matheus dos Santos,102.1,56.6,24.412496799794983,12.675586811165754,Left Foot,Open Play,Normal,False,0.020722246,0
3857269,Brazil,Rodrygo Silva de Goes,105.8,41.8,14.313629868066313,28.494558324553637,Right Foot,Open Play,Normal,False,0.19349767,0
3857270,Uruguay,Mathías Olivera Miramontes,98.2,27.8,24.981593223811803,14.644328172104109,Left Foot,Open Play,Normal,False,0.039672486,0
3857270,Portugal,William Silva de Carvalho,104.9,30.5,17.839843048636943,19.928679390662282,Right Foot,Open Play,Volley,False,0.048683427,0
3857270,Portugal,Bruno Miguel Borges Fernandes,90.8,53.9,32.33960420289649,11.696433240371828,Right Foot,Open Play,Normal,False,0.014580331,0
3857270,Uruguay,José María Giménez de Vargas,109.4,37.1,10.989540481748993,35.85301787198802,Head,Open Play,Normal,False,0.050594334,0
3857270,Portugal,João Félix Sequeira,101.0,30.9,21.06679852279411,17.90722461886851,Right Foot,Open Play,Normal,False,0.033737455,0
3857270,Portugal,Cristiano Ronaldo dos Santos Aveiro,96.0,23.4,29.181500989496755,11.837875624339826,Right Foot,Free Kick,Normal,False,0.026755862,0
3857270,Portugal,Rúben Diogo Da Silva Neves,92.4,50.0,29.35574901105403,13.395084702538115,Right Foot,Open Play,Half Volley,False,0.015326656,0
3857270,Uruguay,Rodrigo Bentancur Colmán,106.8,41.3,13.263860674780931,30.730779868086803,Right Foot,Open Play,Normal,False,0.49410823,0
3857270,Portugal,Cristiano Ronaldo dos Santos Aveiro,99.4,24.7,25.660280590827526,13.157547990141866,Left Foot,Open Play,Normal,False,0.029249214,0
3857270,Portugal,João Félix Sequeira,91.6,31.8,29.560108254199616,13.583281754743728,Right Foot,Open Play,Normal,False,0.022321237,0
3857270,Uruguay,Rodrigo Bentancur Colmán,108.4,29.5,15.646405337968202,20.149408810888172,Right Foot,Open Play,Normal,False,0.07433986,0
3857270,Portugal,Bruno Miguel Borges Fernandes,93.1,33.0,27.795863001533164,14.539732846702174,Right Foot,Open Play,Normal,False,0.028039778,0
3857270,Portugal,João Félix Sequeira,107.9,27.1,17.68671818060094,16.478615200382595,Left Foot,Open Play,Normal,False,0.036293734,0
3857270,Portugal,Bruno Miguel Borges Fernandes,99.4,14.6,32.703516630478745,8.125694088404249,Right Foot,Open Play,Normal,False,0.0077694156,1
3857270,Portugal,Cristiano Ronaldo dos Santos Aveiro,84.9,19.1,40.851193373021545,8.8222654231929,Right Foot,Open Play,Normal,True,0.007159395,0
3857270,Uruguay,Edinson Roberto Cavani Gómez,102.9,39.7,17.102631376487064,24.15515366937205,Right Foot,Open Play,Volley,False,0.07401822,0
3857270,Uruguay,Darwin Gabriel Núñez Ribeiro,92.8,43.6,27.43720102342803,15.070914684201252,Right Foot,Open Play,Normal,False,0.03092143,0
3857270,Uruguay,Mathías Olivera Miramontes,108.1,33.8,13.418271125595881,27.59545970888506,Head,Open Play,Normal,True,0.041303303,0
3857270,Uruguay,Maximiliano Gómez González,99.2,43.2,21.044714300745447,19.519864706040025,Right Foot,Open Play,Normal,False,0.047642853,0
3857270,Uruguay,Luis Alberto Suárez Díaz,115.6,34.0,7.440430095095313,37.506516252011124,Left Foot,Open Play,Half Volley,False,0.088375136,0
3857270,Uruguay,Giorgian Daniel De Arrascaeta Benedetti,109.3,50.0,14.645477117526765,21.280352331557893,Right Foot,Open Play,Normal,False,0.2560759,0
3857270,Portugal,Rafael Alexandre Conceição Leão,95.3,49.1,26.322993750711568,14.900146372057451,Right Foot,Open Play,Normal,False,0.026902085,0
3857270,Uruguay,Federico Santiago Valverde Dipetta,88.2,44.5,32.116818024206566,12.878676263144559,Right Foot,Open Play,Normal,False,0.019629322,0
3857270,Portugal,Bruno Miguel Borges Fernandes,117.7,50.0,10.261091559868277,10.382037248437227,Right Foot,Open Play,Volley,False,0.032710962,0
3857270,Portugal,Bruno Miguel Borges Fernandes,100.6,35.0,20.033971149025852,20.10432270418886,Right Foot,Open Play,Half Volley,False,0.100704454,0
3857271,England,Harry Maguire,115.4,29.4,11.555085460523431,15.658684337513916,Left Foot,Open Play,Half Volley,False,0.23307544,0
3857271,England,Bukayo Saka,101.1,55.3,24.316660954991335,13.46300676427682,Left Foot,Open Play,Normal,False,0.028282227,0
3857271,England,Mason Mount,113.4,49.1,11.241441188744437,23.15332978841873,Right Foot,Open Play,Normal,False,0.06697492,0
3857271,England,Harry Maguire,110.5,40.7,9.525754563287887,41.958566737634335,Head,Open Play,Normal,True,0.06988547,0
3857271,England,Jude Bellingham,112.0,38.0,8.246211251235321,47.00192772116283,Head,Open Play,Normal,True,0.08285139,1
3857271,England,Bukayo Saka,104.1,38.5,15.970597985047403,25.715932855521512,Left Foot,Open Play,Half Volley,False,0.061030492,1
3857271,England,Raheem Sterling,111.0,42.8,9.425497334358543,41.12830196279354,Right Foot,Open Play,Volley,False,0.1885282,1
3857271,Iran,Alireza Jahanbakhsh,106.4,48.8,16.198765385053264,21.791538332586953,Right Foot,Open Play,Volley,False,0.11232807,0
3857271,England,Kieran Trippier,93.9,27.7,28.853076092507013,13.129222024770055,Right Foot,Free Kick,Normal,False,0.042866398,0
3857271,England,Luke Shaw,97.9,25.1,26.653705183332384,13.066413579123447,Left Foot,Open Play,Normal,False,0.021548782,0
3857271,Iran,Saeid Ezatolahi Afagh,83.8,35.5,36.47862387755328,11.373702060491501,Right Foot,Open Play,Normal,False,0.0065368367,0
3857271,England,Bukayo Saka,105.3,46.3,15.993123522314209,23.93832357138321,Left Foot,Open Play,Normal,False,0.080026746,1
3857271,Iran,Mehdi Taremi,109.7,48.0,13.04185569618066,25.69527275256067,Right Foot,Open Play,Normal,True,0.065701395,1
3857271,Iran,Mehdi Torabi,103.5,32.3,18.208239892971534,20.78871149919025,Right Foot,Open Play,Normal,False,0.045791544,0
3857271,Iran,Ahmad Nourollahi,97.8,34.8,22.80087717610882,17.788682469185762,Left Foot,Open Play,Volley,False,0.028478073,0
3857271,England,Marcus Rashford,109.7,47.7,12.860015552090129,26.384962611908204,Left Foot,Open Play,Normal,False,0.40810898,1
3857271,Iran,Mehdi Taremi,105.1,54.6,20.860728654579642,14.498691504687297,Right Foot,Open Play,Half Volley,True,0.06202265,0
3857271,England,Marcus Rashford,108.6,50.7,15.634896865665606,19.85777851076102,Left Foot,Open Play,Normal,False,0.0776978,0
3857271,England,Jack Grealish,112.0,39.9,8.000624975587845,49.162588534082516,Right Foot,Open Play,Normal,False,0.6262809,1
3857271,Iran,Sardar Azmoun,110.9,30.5,13.155227098001763,22.645901154640786,Right Foot,Open Play,Normal,False,0.35130003,0
3857272,England,Harry Kane,108.9,42.6,11.400438588054403,34.876378879778066,Right Foot,Open Play,Normal,False,0.10607713,0
3857272,England,John Stones,109.2,38.6,10.890362712049582,36.923084603239865,Head,Open Play,Normal,True,0.04222343,0
3857272,England,Mason Mount,94.2,27.2,28.800694436072195,13.029862745357413,Right Foot,Open Play,Normal,False,0.019677445,0
3857272,United States,Haji Wright,108.1,43.9,12.522779244241276,31.2721664975318,Head,Open Play,Normal,True,0.048006557,0
3857272,United States,Weston McKennie,110.5,39.5,9.513148795220223,42.04711262203582,Right Foot,Open Play,Half Volley,False,0.18268152,0
3857272,United States,Yunus Dimoara Musah,93.0,25.1,30.838450025901107,11.903139323423575,Right Foot,Open Play,Normal,False,0.016826272,0
3857272,United States,Christian Pulisic,106.4,24.4,20.695893312442443,13.491835019656653,Left Foot,Open Play,Normal,False,0.023374733,0
3857272,United States,Sergino Dest,108.6,51.2,15.981239000778388,19.025226624679796,Left Foot,Open Play,Normal,False,0.056137927,0
3857272,United States,Christian Pulisic,110.0,42.8,10.384603988597735,37.77780294116888,Head,Open Play,Normal,True,0.05394238,0
3857272,England,Bukayo Saka,113.2,36.1,7.839005038906401,46.00817571525427,Left Foot,Open Play,Normal,True,0.08680134,0
3857272,England,Mason Mount,100.1,32.9,21.12865353021816,18.59277204237938,Right Foot,Open Play,Normal,False,0.0710417,0
3857272,United States,Haji Wright,106.5,28.3,17.864489917151285,17.911411147614587,Right Foot,Open Play,Normal,False,0.0422633,0
3857272,United States,Weston McKennie,99.2,53.9,25.01699422392706,13.960708583680631,Right Foot,Open Play,Normal,False,0.032319076,0
3857272,United States,Christian Pulisic,98.8,24.7,26.144406667583798,13.038249309253857,Right Foot,Open Play,Normal,False,0.025169194,0
3857272,United States,Christian Pulisic,95.3,40.1,24.700202428320303,16.857034283345765,Left Foot,Open Play,Normal,False,0.033566043,0
3857272,England,Marcus Rashford,105.3,20.7,24.260667756679744,10.596262425909304,Right Foot,Open Play,Normal,False,0.009332121,0
3857272,England,Harry Maguire,109.9,37.5,10.404806581575647,37.93085449697122,Head,Open Play,Normal,True,0.05556727,0
3857272,England,Harry Kane,111.2,40.8,8.836288813749805,44.8808821268931,Head,Open Play,Normal,True,0.06991791,0
3857273,Wales,Neco Williams,99.5,23.0,26.63174797117155,12.169393419894156,Right Foot,Open Play,Normal,True,0.023614733,0
3857273,Iran,Sardar Azmoun,97.2,31.2,24.4393125926242,15.951917354959372,Right Foot,Open Play,Normal,False,0.035244513,0
3857273,Wales,Kieffer Roberto Francisco Moore,111.6,44.5,9.529428104561159,38.4590913762423,Right Foot,Open Play,Volley,False,0.12850787,0
3857273,Iran,Ahmad Nourollahi,95.5,34.0,25.22399651125888,16.062827136270442,Right Foot,Open Play,Normal,False,0.017788952,0
3857273,Iran,Sardar Azmoun,109.6,34.7,11.672617529928756,31.784853515993667,Head,Open Play,Normal,True,0.07202582,0
3857273,Wales,Gareth Frank Bale,88.9,36.5,31.296325662927263,13.25977881912909,Left Foot,Open Play,Volley,False,0.02170084,0
3857273,Wales,Harry Wilson,105.5,25.4,20.57692882818036,14.513498857360087,Left Foot,Open Play,Normal,False,0.030164797,0
3857273,Iran,Mehdi Taremi,105.7,38.8,14.350261321662401,28.531787767862795,Left Foot,Open Play,Normal,False,0.08566745,0
3857273,Iran,Ahmad Nourollahi,86.4,48.2,34.58612438536587,11.746672239180468,Right Foot,Open Play,Half Volley,False,0.011584845,0
3857273,Iran,Sardar Azmoun,110.0,49.7,13.93161871427725,22.05305978238759,Right Foot,Open Play,Normal,True,0.28799564,0
3857273,Iran,Ali Gholizadeh,97.2,48.0,24.162781296862327,16.30799263966486,Left Foot,Open Play,Normal,False,0.04282673,0
3857273,Iran,Sardar Azmoun,111.0,36.2,9.769339793455849,38.76376241462203,Head,Open Play,Normal,False,0.21401532,0
3857273,Wales,Kieffer Roberto Francisco Moore,114.4,39.9,5.600892785976173,66.32324306432109,Head,Open Play,Normal,False,0.22100283,0
3857273,Iran,Ehsan Hajsafi,104.6,33.1,16.875129629131745,22.557831698444605,Left Foot,Open Play,Half Volley,False,0.068153165,0
3857273,Iran,Mehdi Taremi,107.1,29.4,16.69640679906908,19.58705123815055,Right Foot,Open Play,Normal,True,0.075855605,0
3857273,Iran,Ahmad Nourollahi,90.5,45.6,30.026821343592133,13.664476555516114,Right Foot,Open Play,Normal,True,0.015279148,0
3857273,Iran,Morteza Pouraliganji,100.8,38.5,19.258504614844842,21.46158747629261,Left Foot,Open Play,Half Volley,False,0.05160931,0
3857273,Iran,Saeid Ezatolahi Afagh,99.5,49.3,22.510886255321,16.918127481696942,Right Foot,Open Play,Normal,False,0.047915842,0
3857273,Iran,Ahmad Nourollahi,85.8,53.5,36.768056788467895,10.593861641923857,Right Foot,Open Play,Normal,False,0.0072957636,0
3857273,Wales,Aaron Ramsey,104.0,53.9,21.194574777522664,15.04217296857094,Right Foot,Open Play,Volley,False,0.025361432,0
3857273,Wales,Neco Williams,98.6,51.1,24.107467722678802,15.424091157491107,Right Foot,Open Play,Normal,False,0.031851415,0
3857273,Wales,Ben Davies,101.7,30.8,20.482431496284807,18.254193663527424,Left Foot,Open Play,Normal,False,0.053537875,0
3857273,Iran,Karim Ansarifard,99.5,36.2,20.849220608934043,19.605287762907796,Right Foot,Open Play,Normal,False,0.06399969,0
3857273,Iran,Mehdi Torabi,99.1,39.0,20.923909768492127,19.82263350304996,Right Foot,Open Play,Normal,False,0.051057886,0
3857273,Wales,Neco Williams,89.9,45.0,30.512456472726015,13.501905322515258,Right Foot,Open Play,Normal,False,0.020104993,0
3857273,Wales,Brennan Johnson,114.4,52.4,13.605881081355955,13.42572208611961,Right Foot,Open Play,Half Volley,True,0.059788406,0
3857273,Iran,Ramin Rezaeian,98.3,52.1,24.845522735495024,14.736622933715967,Right Foot,Open Play,Normal,False,0.031046849,0
3857273,Iran,Alireza Jahanbakhsh,99.2,46.5,21.79197099851227,18.25873029578083,Right Foot,Open Play,Normal,False,0.031239294,0
3857273,Iran,Alireza Jahanbakhsh,91.4,24.9,32.34145945995635,11.461224214805743,Right Foot,Open Play,Normal,False,0.011336825,0
3857273,Iran,Roozbeh Cheshmi,95.1,37.5,25.025187311986304,16.562660521339282,Right Foot,Open Play,Normal,False,0.03268815,1
3857273,Iran,Ramin Rezaeian,104.8,45.3,16.09751533622503,24.36013990161771,Right Foot,Open Play,Lob,False,0.19933115,1
3857274,Netherlands,Cody Mathès Gakpo,100.6,31.0,21.385976713725288,17.73757613424702,Left Foot,Open Play,Normal,False,0.059259485,1
3857274,Ecuador,Enner Remberto Valencia Lastra,107.0,30.0,16.401219466856727,20.41999992776931,Left Foot,Open Play,Half Volley,False,0.062208217,0
3857274,Ecuador,Moisés Isaac Caicedo Corozo,94.8,37.9,25.287348615463824,16.417362751806163,Right Foot,Open Play,Normal,False,0.030668529,0
3857274,Ecuador,Michael Steveen Estrada Martínez,112.1,34.6,9.569221493935652,36.49146799788219,Left Foot,Open Play,Backheel,False,0.069653474,0
3857274,Ecuador,Enner Remberto Valencia Lastra,100.6,23.5,25.467822835884505,12.601783352385352,Right Foot,Open Play,Normal,False,0.029882463,0
3857274,Ecuador,Enner Remberto Valencia Lastra,110.2,47.9,12.58769240170731,26.314489987480044,Head,Open Play,Normal,True,0.024015462,0
3857274,Ecuador,Angelo Smit Preciado Quiñónez,100.6,54.0,23.924046480476505,14.25473045560814,Right Foot,Open Play,Half Volley,True,0.022953799,0
3857274,Ecuador,Pervis Josué Estupiñán Tenorio,112.0,44.1,8.98943824718764,40.97944677753517,Left Foot,Open Play,Half Volley,False,0.18923391,0
3857274,Ecuador,Pervis Josué Estupiñán Tenorio,105.8,28.7,18.14745161172775,18.211464497182572,Left Foot,Open Play,Normal,False,0.08083876,0
3857274,Ecuador,Enner Remberto Valencia Lastra,116.0,38.1,4.428317965096905,78.01733075568782,Right Foot,Open Play,Half Volley,False,0.790909,1
3857274,Ecuador,Enner Remberto Valencia Lastra,102.0,37.5,18.172781845386247,22.57938206763773,Right Foot,Open Play,Normal,False,0.09564507,0
3857274,Ecuador,Gonzalo Jordy Plata Jiménez,104.2,52.6,20.208908926510603,16.31985864054059,Left Foot,Open Play,Normal,False,0.046335444,0
3857274,Ecuador,Michael Steveen Estrada Martínez,105.1,38.0,15.033628969746465,27.15714365166928,Left Foot,Open Play,Normal,True,0.13418972,0
3857274,Netherlands,Teun Koopmeiners,96.5,40.9,23.517227727774376,17.679871081271095,Left Foot,Open Play,Normal,False,0.04520454,0
3857274,Ecuador,Moisés Isaac Caicedo Corozo,103.2,29.4,19.86454127333425,17.87962758499656,Right Foot,Open Play,Half Volley,True,0.03323832,0
3857274,Ecuador,Angelo Smit Preciado Quiñónez,95.3,57.9,30.50409808533929,11.152645915300905,Right Foot,Open Play,Half Volley,False,0.007451811,0
3857274,Ecuador,Angelo Smit Preciado Quiñónez,98.9,38.2,21.176638071233114,19.545761497002918,Head,Open Play,Normal,False,0.033830326,0
3857275,France,Kingsley Coman,112.3,29.9,12.70039369468522,20.861043123664878,Left Foot,Open Play,Normal,False,0.08786314,0
3857275,Tunisia,Anis Ben Slimane,110.9,41.0,9.154780172128651,43.410484563885184,Head,Open Play,Normal,False,0.1007914,0
3857275,Tunisia,Wahbi Khazri,95.1,52.3,27.772288346479485,13.522245546815256,Left Foot,Open Play,Half Volley,False,0.016592033,0
3857275,France,Youssouf Fofana,99.9,53.4,24.157193545608724,14.46937262466504,Right Foot,Open Play,Normal,False,0.041162748,0
3857275,Tunisia,Wahbi Khazri,97.9,19.8,29.940774873072336,10.381242756812716,Right Foot,Open Play,Normal,False,0.010898009,0
3857275,Tunisia,Aïssa Bilal Laïdouni,114.8,22.4,18.35211159512714,6.712706734845356,Right Foot,Open Play,Normal,False,0.013856714,0
3857275,Tunisia,Wahbi Khazri,103.3,37.8,16.844286865284623,24.33226893734668,Left Foot,Open Play,Normal,True,0.15620883,1
3857275,France,Axel Disasi,111.3,41.5,8.828363381737299,44.61555670288874,Head,Open Play,Normal,True,0.061025612,0
3857275,France,Adrien Rabiot,113.8,47.7,9.885848471426218,28.286622618904463,Right Foot,Open Play,Volley,False,0.080746524,0
3857275,France,Ousmane Dembélé,95.9,53.5,27.623540685437117,13.241995554029236,Right Foot,Open Play,Normal,False,0.020325886,0
3857275,France,Adrien Rabiot,108.7,29.1,15.700318468107579,19.536990144793506,Left Foot,Open Play,Volley,False,0.06369618,0
3857275,France,Kylian Mbappé Lottin,116.8,24.7,15.631058825300352,5.7917828666071784,Right Foot,Open Play,Normal,False,0.01194291,0
3857275,France,Randal Kolo Muani,96.4,37.1,23.777510382712478,17.37860862944504,Right Foot,Open Play,Normal,False,0.041042205,0
3857275,France,Kylian Mbappé Lottin,95.6,30.2,26.294486114012578,14.758245397812962,Right Foot,Free Kick,Normal,False,0.06416701,0
3857275,France,Kylian Mbappé Lottin,87.6,15.0,40.92383168766092,8.12436443238557,Right Foot,Open Play,Normal,False,0.005017159,0
3857276,Canada,Mark Anthony Kaye,96.5,40.7,23.510423220350585,17.68970694218743,Left Foot,Open Play,Normal,True,0.038882375,0
3857276,Morocco,Hakim Ziyech,83.9,45.0,36.444615514503646,11.363937748859644,Left Foot,Open Play,Lob,False,0.024477394,1
3857276,Morocco,Abdelhamid Sabiri,86.8,38.4,33.23853185686757,12.553302965374566,Right Foot,Free Kick,Normal,False,0.02207015,0
3857276,Morocco,Sofiane Boufal,107.0,48.3,15.423683088030561,22.97140067935267,Left Foot,Open Play,Half Volley,False,0.06158555,0
3857276,Canada,Tajon Buchanan,113.3,34.9,8.420213774008356,40.459994985600744,Right Foot,Open Play,Half Volley,False,0.27914461,0
3857276,Morocco,Hakim Ziyech,97.5,54.0,26.5,13.446565341031858,Left Foot,Open Play,Normal,False,0.022624016,0
3857276,Morocco,Youssef En-Nesyri,107.6,53.2,18.110770276274838,16.093629252873203,Right Foot,Open Play,Half Volley,False,0.10405799,1
3857276,Morocco,Abdelhamid Sabiri,107.9,34.2,13.418271125595869,27.989353975286644,Right Foot,Open Play,Normal,False,0.09711841,0
3857276,Morocco,Youssef En-Nesyri,106.8,46.7,14.803040228277437,25.157288555608407,Right Foot,Open Play,Volley,False,0.094470315,0
3857276,Canada,Alphonso Davies,105.1,41.2,14.948244044034075,27.440005592376487,Left Foot,Open Play,Volley,False,0.051903803,0
3857276,Canada,Atiba Hutchinson,112.2,37.7,8.132035415564786,47.27414292246455,Head,Open Play,Normal,True,0.086874224,0
3857276,Canada,Alistair Johnston,118.8,41.6,2.0000000000000027,136.9268238909315,Head,Open Play,Normal,True,0.638813,0
3857277,Morocco,Noussair Mazraoui,96.9,32.0,24.446063077722755,16.142285099764557,Right Foot,Open Play,Half Volley,True,0.026111592,0
3857277,Morocco,Hakim Ziyech,101.9,43.3,18.398369492974094,22.17270279519028,Left Foot,Open Play,Normal,False,0.052363984,0
3857277,Croatia,Ivan Perišić,82.9,33.6,37.64797471312367,10.94757280041523,Left Foot,Open Play,Normal,False,0.00976612,0
3857277,Morocco,Sofiane Boufal,96.7,46.7,24.24417455802527,16.538104194550574,Left Foot,Open Play,Normal,False,0.04188839,0
3857277,Morocco,Hakim Ziyech,94.5,37.4,25.63220630378899,16.173129950035236,Left Foot,Free Kick,Normal,False,0.06625415,0
3857277,Morocco,Youssef En-Nesyri,117.8,31.5,8.780091115700339,14.188873017879722,Left Foot,Open Play,Half Volley,True,0.03416934,0
3857277,Croatia,Nikola Vlašić,114.7,35.7,6.824954212300618,49.45776883097508,Right Foot,Open Play,Normal,False,0.44776994,0
3857277,Croatia,Nikola Vlašić,105.2,33.9,16.00781059358212,24.041385010366636,Right Foot,Open Play,Half Volley,False,0.06879163,0
3857277,Croatia,Luka Modrić,98.8,39.3,21.211553455605276,19.56983624824675,Left Foot,Open Play,Normal,False,0.073204115,0
3857277,Morocco,Sofiane Boufal,94.0,38.6,26.037665025881257,15.98081674350593,Left Foot,Open Play,Normal,False,0.042848527,0
3857277,Morocco,Noussair Mazraoui,115.3,29.2,11.778370006074697,15.349489658002918,Head,Open Play,Diving Header,True,0.07962643,0
3857277,Croatia,Dejan Lovren,112.7,38.8,7.39797269527267,52.276938942054855,Left Foot,Open Play,Normal,False,0.2503287,0
3857277,Morocco,Achraf Hakimi Mouh,88.5,31.5,32.626676202150904,12.372943885378909,Right Foot,Open Play,Normal,False,0.019376563,0
3857278,United States,Yunus Dimoara Musah,100.5,38.2,19.582900704441105,21.090897898568567,Left Foot,Open Play,Volley,False,0.045798708,0
3857278,United States,Christian Pulisic,110.1,35.6,10.83374358197572,34.87569698551116,Head,Open Play,Normal,True,0.080380306,0
3857278,United States,Joshua Sargent,99.0,32.1,22.43680012836055,17.41690545541454,Right Foot,Open Play,Normal,False,0.040954046,0
3857278,United States,Timothy Weah,109.7,35.9,11.086027241532467,34.54819947005265,Head,Open Play,Normal,False,0.12157792,0
3857278,United States,Sergino Dest,101.3,48.2,20.418863827353377,18.737589655122893,Left Foot,Open Play,Normal,False,0.05512647,0
3857278,United States,Timothy Weah,108.7,54.1,18.069310999592652,14.798332084649124,Right Foot,Open Play,Normal,False,0.04585104,0
3857278,United States,Sergino Dest,102.0,50.5,20.838665984174707,17.38415880767535,Right Foot,Open Play,Normal,False,0.043695714,0
3857278,United States,Christian Pulisic,115.1,38.7,5.069516742254635,71.0656363561492,Right Foot,Open Play,Half Volley,False,0.5303789,1
3857278,United States,Joshua Sargent,114.2,56.9,17.867568385205637,7.902792657573219,Right Foot,Open Play,Half Volley,False,0.011004616,0
3857278,United States,Joshua Sargent,110.0,25.2,17.861690849412884,13.468317453308678,Left Foot,Open Play,Normal,False,0.05674209,0
3857278,Iran,Saman Ghoddos,114.1,38.7,6.041522986797291,61.854435895052006,Head,Open Play,Diving Header,True,0.39133456,0
3857278,United States,Yunus Dimoara Musah,97.0,43.3,23.235533133543548,17.7330017867142,Right Foot,Free Kick,Normal,False,0.080397844,0
3857278,Iran,Saeid Ezatolahi Afagh,90.8,21.8,34.407557309405156,10.348843748307555,Right Foot,Open Play,Normal,False,0.006830182,0
3857278,Iran,Morteza Pouraliganji,111.0,35.6,10.017983829094554,37.14579875031778,Head,Open Play,Diving Header,True,0.21722858,0
3857278,Iran,Mehdi Taremi,111.1,39.5,8.914033879226627,44.59984728068631,Left Foot,Open Play,Volley,False,0.30539662,0
3857278,United States,Haji Wright,105.1,23.9,21.936727194365165,13.123449180723377,Left Foot,Open Play,Normal,False,0.057746947,0
3857279,France,Ousmane Dembélé,95.0,47.8,26.188547115103578,15.22387310348776,Left Foot,Open Play,Volley,False,0.018982504,0
3857279,Australia,Riley McGree,89.5,39.1,30.513275799232044,13.673920601550655,Right Foot,Open Play,Normal,False,0.030384658,0
3857279,Australia,Craig Goodwin,114.2,31.3,10.456098698845567,23.87190122421635,Left Foot,Open Play,Half Volley,False,0.19147108,1
3857279,France,Theo Bernard François Hernández,92.7,34.0,27.951565251341467,14.58703711867798,Left Foot,Open Play,Volley,False,0.017692888,0
3857279,Australia,Mitchell Thomas Duke,91.1,46.9,29.712287020692305,13.675437759409661,Right Foot,Open Play,Normal,False,0.017896876,0
3857279,France,Antoine Griezmann,112.1,52.7,14.95660389259541,15.374804968400174,Right Foot,Open Play,Half Volley,False,0.034694295,0
3857279,France,Adrien Rabiot,111.6,42.0,8.634813257969167,45.151165988029334,Head,Open Play,Normal,False,0.16905431,1
3857279,France,Olivier Giroud,112.3,39.8,7.702596964660688,50.82134637957218,Head,Open Play,Normal,True,0.17925091,0
3857279,France,Olivier Giroud,110.5,39.2,9.53362470417207,41.90337967845731,Right Foot,Open Play,Normal,False,0.77927965,1
3857279,France,Kylian Mbappé Lottin,105.0,47.2,16.63850954863446,22.625702107602212,Right Foot,Open Play,Half Volley,False,0.08709453,0
3857279,France,Olivier Giroud,104.5,38.9,15.538983235720412,26.449934444013962,Right Foot,Open Play,Half Volley,False,0.14067347,0
3857279,France,Ousmane Dembélé,106.5,38.2,13.6194713553794,29.86529265554521,Right Foot,Open Play,Half Volley,False,0.08098688,0
3857279,France,Antoine Griezmann,99.5,47.5,21.828879952943073,17.953911363223,Left Foot,Open Play,Normal,False,0.04884043,0
3857279,France,Kylian Mbappé Lottin,112.9,40.2,7.1028163428318996,54.512326452559705,Right Foot,Open Play,Volley,False,0.5517509,0
3857279,Australia,Jackson Irvine,110.1,43.4,10.467568963231152,36.99824877152713,Head,Open Play,Normal,False,0.083539926,0
3857279,France,Aurélien Djani Tchouaméni,96.3,40.8,23.71349826575573,17.538503390465603,Right Foot,Open Play,Normal,False,0.035826564,0
3857279,France,Olivier Giroud,111.6,44.2,9.391485505499123,39.41964850334962,Left Foot,Open Play,Overhead Kick,False,0.07860331,0
3857279,France,Kylian Mbappé Lottin,107.5,31.1,15.344705927452633,22.393749238373072,Right Foot,Open Play,Normal,False,0.12751806,0
3857279,France,Kylian Mbappé Lottin,109.2,30.1,14.650938536489733,21.445706891767745,Left Foot,Open Play,Normal,False,0.07606661,0
3857279,France,Ibrahima Konaté,113.0,40.0,7.0,55.206279386696224,Head,Open Play,Normal,True,0.096129,0
3857279,France,Kylian Mbappé Lottin,108.0,25.2,19.053608582103287,14.102373333237757,Right Foot,Open Play,Normal,False,0.027555656,0
3857279,France,Antoine Griezmann,105.3,36.2,15.183214415926559,26.361361077362893,Left Foot,Open Play,Normal,False,0.17584424,0
3857279,France,Kylian Mbappé Lottin,115.7,24.7,15.8927656498169,7.496886268446391,Left Foot,Open Play,Normal,False,0.013371275,0
3857279,France,Kylian Mbappé Lottin,113.5,42.2,6.8622153857191055,54.69528223797614,Head,Open Play,Normal,True,0.14142905,1
3857279,France,Olivier Giroud,113.5,42.6,7.000714249274856,53.18455163745763,Head,Open Play,Normal,False,0.16888039,1
3857279,France,Ibrahima Konaté,112.1,41.4,8.02309167341369,48.6043709779735,Head,Open Play,Normal,False,0.07988335,0
3857279,France,Theo Bernard François Hernández,112.8,32.1,10.688779163215976,27.590448509667276,Head,Open Play,Normal,True,0.041087516,0
3857280,Brazil,Frederico Rodrigues Santos,108.7,38.6,11.386395390991828,35.43217636537396,Left Foot,Open Play,Normal,False,0.29454654,0
3857280,Brazil,Antony Matheus dos Santos,103.3,25.5,22.11650967037973,14.410574874259076,Left Foot,Open Play,Normal,False,0.038875267,0
3857280,Brazil,Gabriel Teodoro Martinelli Silva,111.8,34.5,9.873702446397706,35.51808025308431,Head,Open Play,Normal,False,0.12449543,0
3857280,Brazil,Gabriel Fernando de Jesus,113.4,48.9,11.080162453682703,23.83162946583109,Head,Open Play,Normal,False,0.044797283,0
3857280,Brazil,Frederico Rodrigues Santos,107.6,39.2,12.42577965360726,32.7703800551913,Right Foot,Open Play,Half Volley,False,0.083684884,0
3857280,Brazil,Rodrygo Silva de Goes,94.0,42.7,26.13981637272917,15.860085738489857,Right Foot,Free Kick,Normal,False,0.0651609,0
3857280,Brazil,Daniel Alves da Silva,96.7,29.3,25.639422770413532,14.833924603065425,Right Foot,Free Kick,Normal,False,0.06485747,0
3857280,Brazil,Antony Matheus dos Santos,105.6,52.3,18.938056922503957,16.977708461837572,Left Foot,Open Play,Normal,False,0.033440635,0
3857280,Brazil,Gabriel Teodoro Martinelli Silva,101.3,45.2,19.409533739891852,20.643591790563743,Right Foot,Open Play,Normal,False,0.047920834,0
3857280,Brazil,Rodrygo Silva de Goes,107.8,50.0,15.7746632293688,20.771723556382828,Right Foot,Open Play,Normal,True,0.06651591,0
3857280,Cameroon,Bryan Mbeumo,113.5,47.4,9.849365461794987,29.64163948756683,Head,Open Play,Normal,False,0.11827337,0
3857280,Cameroon,Vincent Paté Aboubakar,109.5,54.0,17.5,14.7056901459249,Right Foot,Open Play,Normal,False,0.07058843,0
3857280,Brazil,Gabriel Fernando de Jesus,111.9,36.3,8.90505474435727,41.97666294569817,Right Foot,Open Play,Normal,False,0.27918908,0
3857280,Cameroon,Pierre Kunde Malong,91.8,17.8,35.88983142897163,9.198693745006803,Right Foot,Open Play,Normal,False,0.006493906,0
3857280,Brazil,Gabriel Teodoro Martinelli Silva,108.9,25.7,18.102486017119304,14.494421997447624,Right Foot,Open Play,Normal,False,0.038835723,0
3857280,Brazil,Éder Gabriel Militão,105.3,39.2,14.721752613055283,27.88766890896957,Left Foot,Open Play,Half Volley,False,0.075584605,0
3857280,Brazil,Antony Matheus dos Santos,101.0,51.2,22.055384830013736,16.383887582892026,Left Foot,Open Play,Normal,False,0.037848417,0
3857280,Brazil,Bruno Guimarães Rodriguez Moura,99.9,37.6,20.2427764894048,20.36464926590268,Right Foot,Open Play,Normal,True,0.086029716,0
3857280,Cameroon,Jules Olivier Ntcham,92.8,35.5,27.569729777420747,14.930377940310361,Right Foot,Open Play,Normal,False,0.03332142,0
3857280,Cameroon,Vincent Paté Aboubakar,104.1,25.5,21.51882896442091,14.511569769945321,Right Foot,Open Play,Normal,False,0.042308386,0
3857280,Cameroon,Christopher Wooh,106.3,39.9,13.700364958642528,29.913467366682024,Right Foot,Open Play,Half Volley,False,0.05692788,0
3857280,Brazil,Bruno Guimarães Rodriguez Moura,114.9,44.0,6.481512169239516,52.53039397039523,Right Foot,Open Play,Normal,True,0.14917652,0
3857280,Brazil,Pedro Guilherme Abreu dos Santos,104.2,47.1,17.321951391226104,21.972520065531935,Left Foot,Open Play,Normal,True,0.18481041,0
3857280,Cameroon,Vincent Paté Aboubakar,106.7,40.7,13.31840831330831,30.69720702329951,Head,Open Play,Normal,False,0.05544736,1
3857280,Brazil,Pedro Guilherme Abreu dos Santos,108.8,37.5,11.475626344561768,34.72391618722111,Head,Open Play,Normal,False,0.07645427,0
3857280,Brazil,Bruno Guimarães Rodriguez Moura,112.9,39.8,7.1028163428318996,54.512326452559705,Head,Open Play,Normal,False,0.17098139,0
3857280,Brazil,Gabriel Teodoro Martinelli Silva,115.1,36.0,6.325345840347392,53.42423058477436,Head,Open Play,Normal,False,0.1945778,0
3857280,Brazil,Bruno Guimarães Rodriguez Moura,114.1,35.3,7.54320886625845,44.790889349616286,Right Foot,Open Play,Half Volley,False,0.22043578,0
3857281,Canada,Alphonso Davies,109.6,36.4,11.00545319375809,35.24855315440851,Head,Open Play,Normal,True,0.08130363,1
3857281,Croatia,Marko Livaja,109.5,36.8,10.97679370308106,35.666420690759715,Right Foot,Open Play,Normal,False,0.4341785,0
3857281,Croatia,Marko Livaja,109.9,50.0,14.21302219797042,21.4039037314884,Right Foot,Open Play,Normal,False,0.24546398,0
3857281,Croatia,Andrej Kramarić,114.1,29.4,12.131364309095662,17.892260728778083,Left Foot,Open Play,Normal,False,0.14639324,1
3857281,Croatia,Marko Livaja,101.0,39.1,19.021303845951255,21.76088731062202,Right Foot,Open Play,Normal,False,0.13916126,1
3857281,Croatia,Andrej Kramarić,98.7,33.1,22.389729788454346,17.721935601520528,Left Foot,Open Play,Normal,False,0.059277993,0
3857281,Canada,Jonathan Osorio,98.3,50.1,23.93532953606447,15.849310764800276,Right Foot,Open Play,Normal,False,0.03829635,0
3857281,Croatia,Andrej Kramarić,108.2,42.1,11.985407794480752,33.549674056530804,Right Foot,Open Play,Normal,False,0.24875651,0
3857281,Canada,Jonathan David,96.4,39.9,23.600211863455797,17.63064490126441,Right Foot,Open Play,Normal,False,0.052886155,0
3857281,Canada,Tajon Buchanan,99.8,52.9,23.967686580060246,14.764391535024556,Right Foot,Open Play,Normal,False,0.023891453,0
3857281,Canada,Alphonso Davies,101.1,59.8,27.37243138634199,10.647882179969182,Left Foot,Free Kick,Normal,False,0.011981465,0
3857281,Croatia,Andrej Kramarić,106.8,47.1,14.988328792764058,24.57851269424066,Left Foot,Open Play,Normal,True,0.10933437,1
3857281,Croatia,Andrej Kramarić,115.1,46.8,8.381527307120106,32.246788764377136,Left Foot,Open Play,Half Volley,False,0.1355834,0
3857281,Canada,David Junior Hoilett,92.2,33.0,28.667751917442008,14.128582764221175,Right Foot,Open Play,Normal,False,0.019849088,0
3857281,Croatia,Ivan Perišić,115.3,26.9,13.917614738165447,10.802789003477644,Left Foot,Open Play,Normal,False,0.031612467,0
3857281,Croatia,Marcelo Brozović,110.3,42.6,10.042410069301097,39.07305565961353,Left Foot,Open Play,Normal,False,0.30414897,0
3857281,Croatia,Ivan Perišić,96.0,26.3,27.634941650019815,13.178286033183683,Left Foot,Open Play,Normal,False,0.02367336,0
3857281,Croatia,Mislav Oršić,98.2,35.1,22.343902971504328,18.18245973600161,Right Foot,Open Play,Normal,False,0.045590583,0
3857281,Canada,David Junior Hoilett,98.1,33.5,22.844255295369123,17.498953574288148,Right Foot,Open Play,Half Volley,False,0.03737635,0
3857281,Canada,David Junior Hoilett,99.5,26.7,24.436448187083162,14.416565431382562,Right Foot,Open Play,Volley,False,0.02121069,0
3857281,Croatia,Lovro Majer,109.2,45.4,12.07476707849886,30.84057452349209,Left Foot,Open Play,Normal,False,0.68703645,1
3857282,United States,Joshua Sargent,116.0,35.3,6.171709649683791,49.85611898920869,Head,Open Play,Normal,False,0.25332773,0
3857282,Wales,Ethan Ampadu,87.6,43.1,32.547964606100955,12.775434996475335,Right Foot,Open Play,Half Volley,False,0.013776194,0
3857282,United States,Sergino Dest,90.9,56.6,33.501790996900446,10.872955800746366,Right Foot,Open Play,Normal,False,0.0066337776,0
3857282,United States,Timothy Weah,107.7,37.8,12.495199078045934,32.24348217299145,Right Foot,Open Play,Normal,True,0.20100605,1
3857282,Wales,Ben Davies,114.7,37.5,5.860034129593442,61.637174302830054,Head,Open Play,Normal,True,0.14399761,0
3857282,Wales,Kieffer Roberto Francisco Moore,93.4,42.2,26.690822392725178,15.565507404450612,Left Foot,Open Play,Half Volley,False,0.032130886,0
3857282,Wales,Ben Davies,109.2,38.3,10.932977636490433,36.68120570895195,Head,Open Play,Diving Header,False,0.18666926,0
3857282,Wales,Kieffer Roberto Francisco Moore,116.3,43.4,5.024937810560446,66.36147846646595,Head,Open Play,Normal,False,0.19270518,0
3857282,United States,Haji Wright,106.6,46.9,15.072159765607587,24.647496027388982,Head,Open Play,Normal,True,0.027433796,0
3857282,United States,Brenden Aaronson,116.3,46.7,7.653757247260986,30.938911338949076,Head,Open Play,Normal,True,0.09428854,0
3857282,Wales,Brennan Johnson,109.9,56.2,19.090573590125572,11.892691747905719,Right Foot,Open Play,Normal,False,0.042556882,0
3857282,United States,Tyler Adams,92.8,35.5,27.569729777420747,14.930377940310361,Right Foot,Open Play,Half Volley,False,0.019808901,0
3857283,Belgium,Michy Batshuayi Tunga,110.0,29.6,14.427751037497146,20.598163389682366,Left Foot,Open Play,Normal,False,0.13561569,0
3857283,Belgium,Kevin De Bruyne,95.2,30.1,26.70299608658174,14.545513295964739,Right Foot,Open Play,Half Volley,False,0.023734333,0
3857283,Belgium,Amadou Onana,114.6,38.6,5.5785302723925465,65.84848179246427,Head,Open Play,Normal,False,0.22733837,0
3857283,Belgium,Thomas Meunier,101.1,27.4,22.71497303542314,15.391092910805723,Right Foot,Open Play,Normal,False,0.050302412,0
3857283,Morocco,Hakim Ziyech,88.5,52.0,33.70830758136635,11.604460189994018,Left Foot,Open Play,Normal,True,0.010982664,0
3857283,Morocco,Selim Amallah,106.0,49.7,17.032028651925174,20.323244737049926,Right Foot,Open Play,Volley,False,0.054105066,0
3857283,Morocco,Achraf Hakimi Mouh,109.4,56.3,19.443507913954203,12.01237389893546,Right Foot,Open Play,Normal,True,0.054164495,0
3857283,Belgium,Kevin De Bruyne,94.1,42.1,25.984995670578826,15.985032374126734,Left Foot,Open Play,Normal,True,0.021631707,0
3857283,Belgium,Kevin De Bruyne,112.6,6.7,34.11231449198368,2.696191882483432,Right Foot,Free Kick,Normal,False,0.007375095,0
3857283,Morocco,Hakim Ziyech,95.2,48.1,26.08926982496827,15.219748889723204,Left Foot,Open Play,Normal,False,0.02991042,0
3857283,Belgium,Eden Hazard,104.9,58.7,24.035390573069538,11.082388415348177,Right Foot,Open Play,Normal,False,0.009158539,0
3857283,Belgium,Amadou Onana,111.4,40.8,8.637129152675667,45.80643037494695,Head,Open Play,Normal,True,0.06452631,0
3857283,Morocco,Sofiane Boufal,106.6,22.0,22.440142602042442,11.316127560065718,Right Foot,Open Play,Normal,False,0.01369968,0
3857283,Morocco,Noussair Mazraoui,87.4,35.3,32.937061192522926,12.555864863468098,Right Foot,Open Play,Normal,False,0.022188112,0
3857283,Belgium,Dries Mertens,97.9,37.7,22.21936092690336,18.614112262319313,Right Foot,Open Play,Normal,False,0.065653466,0
3857283,Morocco,Azzedine Ounahi,87.6,38.2,32.44996147917591,12.851122718437626,Right Foot,Open Play,Normal,False,0.023304239,0
3857283,Morocco,Romain Saïss,118.0,36.4,4.118252056394802,76.31643002877392,Other,Open Play,Normal,False,0.56495196,1
3857283,Belgium,Jan Vertonghen,109.1,37.6,11.1610931364271,35.66636860998611,Head,Open Play,Normal,True,0.03727616,0
3857283,Morocco,Abderrazak Hamdallah,116.6,28.9,11.609048195265625,11.587956665292069,Left Foot,Open Play,Normal,False,0.036752854,0
3857283,Morocco,Zakaria Aboukhlal,110.3,46.8,11.846096403457134,29.22158228216739,Right Foot,Open Play,Normal,False,0.18104906,1
3857284,Germany,Joshua Kimmich,93.0,31.2,28.397887245356827,13.994002128563706,Right Foot,Open Play,Normal,False,0.022911863,0
3857284,Germany,Antonio Rüdiger,110.5,50.6,14.23411395205195,20.17936928344939,Head,Open Play,Normal,True,0.026021937,0
3857284,Germany,Joshua Kimmich,96.9,39.6,23.10346294389652,18.001205839999066,Right Foot,Open Play,Normal,True,0.05193508,0
3857284,Germany,İlkay Gündoğan,99.7,29.6,22.808989455914084,16.339709970397692,Right Foot,Open Play,Normal,False,0.042519,0
3857284,Germany,İlkay Gündoğan,94.4,42.8,25.75266976451179,16.086617870587197,Right Foot,Open Play,Normal,False,0.041637745,0
3857284,Germany,İlkay Gündoğan,105.3,36.8,15.04426801143878,26.809237751532258,Right Foot,Open Play,Normal,False,0.12241382,0
3857284,Germany,Serge Gnabry,93.1,48.2,28.12205540141048,14.212590632690373,Left Foot,Open Play,Normal,False,0.028658802,0
3857284,Germany,Jamal Musiala,108.5,28.3,16.405486887014355,18.219310013240065,Right Foot,Open Play,Normal,False,0.03933018,0
3857284,Germany,İlkay Gündoğan,93.3,39.0,26.71872002922296,15.589562366505511,Right Foot,Open Play,Normal,False,0.031919174,0
3857284,Germany,Joshua Kimmich,97.0,42.2,23.104977818643324,17.92601919152873,Right Foot,Open Play,Normal,False,0.05113006,0
3857284,Germany,Jamal Musiala,101.9,45.1,18.804786624686805,21.277198909910954,Right Foot,Open Play,Normal,False,0.06614002,0
3857284,Germany,Joshua Kimmich,100.3,40.5,19.706344156134087,21.03679422622019,Left Foot,Open Play,Half Volley,False,0.047906045,0
3857284,Germany,Serge Gnabry,114.3,29.9,11.597413504743205,19.010324315472186,Left Foot,Open Play,Normal,False,0.21508263,0
3857284,Japan,Daizen Maeda,111.0,34.3,10.653168542738824,33.35206014917395,Head,Open Play,Normal,False,0.07710243,0
3857284,Germany,Serge Gnabry,108.3,57.9,21.384573879317774,10.92009674982521,Right Foot,Open Play,Normal,False,0.013327111,0
3857284,Japan,Daichi Kamada,103.3,47.4,18.26608879864543,20.89230765368286,Right Foot,Open Play,Normal,False,0.06444196,0
3857284,Germany,Jamal Musiala,107.2,41.0,12.839003076563223,31.7443536401731,Right Foot,Open Play,Normal,False,0.15860753,0
3857284,Japan,Takuma Asano,114.7,49.4,10.791200118615164,20.62941704696146,Head,Open Play,Normal,True,0.06737846,0
3857284,Germany,İlkay Gündoğan,103.0,40.0,17.0,24.299972687433744,Right Foot,Open Play,Normal,False,0.10696415,0
3857284,Japan,Takuma Asano,106.4,25.8,19.66214637317096,14.93583551665815,Left Foot,Open Play,Normal,False,0.06586899,0
3857284,Japan,Takuma Asano,106.9,26.5,18.811166896287958,15.729905396082897,Left Foot,Open Play,Normal,False,0.029970925,0
3857284,Japan,Ko Itakura,112.6,51.3,13.507405376311175,17.76637162721371,Head,Open Play,Normal,False,0.034016185,0
3857284,Japan,Takuma Asano,112.5,51.1,13.396268137059666,18.293608804648393,Right Foot,Open Play,Normal,True,0.0360808,0
3857284,Germany,Jonas Hofmann,111.1,48.5,12.306908628896215,25.26106660235696,Right Foot,Open Play,Half Volley,False,0.32657883,0
3857284,Germany,Serge Gnabry,103.3,57.9,24.48060456769808,11.785212612270742,Left Foot,Open Play,Normal,False,0.02483029,0
3857284,Germany,Serge Gnabry,112.2,43.5,8.549268974596597,43.72547061711229,Head,Open Play,Normal,False,0.11167552,0
3857284,Germany,Serge Gnabry,117.7,49.5,9.774456506629921,11.582715131718375,Right Foot,Open Play,Normal,False,0.0550312,0
3857284,Japan,Junya Ito,109.2,36.3,11.416216536138405,34.06149991338661,Right Foot,Open Play,Half Volley,False,0.06845111,0
3857284,Japan,Hiroki Sakai,113.4,46.3,9.124143795447324,34.66812084651508,Right Foot,Open Play,Half Volley,False,0.28772855,0
3857284,Japan,Takumi Minamino,112.8,24.4,17.181385275931625,10.593269901180339,Left Foot,Open Play,Normal,False,0.013784891,0
3857284,Japan,Ritsu Doan,112.1,41.5,8.041144197189857,48.44307933806862,Left Foot,Open Play,Normal,False,0.4777511,1
3857284,Germany,Antonio Rüdiger,115.5,39.4,4.539823785126467,77.64634732768836,Head,Open Play,Normal,True,0.18550046,0
3857284,Japan,Takuma Asano,117.7,50.2,10.45609869884557,9.953757482216185,Right Foot,Open Play,Normal,False,0.02668418,1
3857284,Germany,Niclas Füllkrug,106.9,41.0,13.138112497615472,31.059807343429764,Head,Open Play,Normal,True,0.031593546,0
3857284,Germany,Antonio Rüdiger,86.2,37.2,33.91577803913688,12.277632389163424,Right Foot,Open Play,Normal,False,0.017847534,0
3857284,Germany,Leon Goretzka,100.3,40.9,19.720547659738056,21.008160448544636,Right Foot,Open Play,Half Volley,False,0.088851534,0
3857284,Germany,Niklas Süle,116.5,31.6,9.099999999999998,20.25848243630257,Right Foot,Open Play,Volley,False,0.07610536,0
3857285,Senegal,Boulaye Dia,107.0,27.1,18.31420213932346,16.463186482109162,Left Foot,Open Play,Half Volley,False,0.034865376,0
3857285,Netherlands,Vincent Janssen,103.2,34.3,17.74063133036702,22.20060457996687,Left Foot,Open Play,Normal,False,0.12169348,0
3857285,Senegal,Ismaïla Sarr,97.5,44.1,22.870505022845474,17.908437097700475,Left Foot,Open Play,Normal,True,0.059537582,0
3857285,Netherlands,Daley Blind,112.8,32.9,10.111874208078346,30.674304898433107,Head,Open Play,Normal,True,0.04866169,0
3857285,Netherlands,Vincent Janssen,98.3,44.3,22.12193481592422,18.45472146155272,Left Foot,Open Play,Normal,True,0.03382374,0
3857285,Senegal,Ismaïla Sarr,102.7,25.9,22.31815404552984,14.64205241719649,Right Foot,Open Play,Normal,False,0.034923773,0
3857285,Netherlands,Virgil van Dijk,109.4,38.0,10.787029248129436,37.000979345898244,Head,Open Play,Normal,True,0.045367446,0
3857285,Senegal,Idrissa Gana Gueye,100.9,48.4,20.86552180032888,18.331487339822484,Right Foot,Open Play,Normal,False,0.025139945,0
3857285,Senegal,Krépin Diatta,100.0,56.6,25.991537084212624,12.467145128939697,Left Foot,Open Play,Normal,False,0.03131155,0
3857285,Senegal,Youssouf Sabaly,84.7,54.0,37.974860105074775,10.251785052403688,Right Foot,Open Play,Normal,False,0.0068181115,0
3857285,Netherlands,Steven Berghuis,97.2,47.3,23.940133667128926,16.603001449973746,Left Foot,Open Play,Volley,False,0.030127633,0
3857285,Netherlands,Virgil van Dijk,111.1,40.2,8.902246907382434,44.69104881760948,Head,Open Play,Normal,True,0.06871433,0
3857285,Senegal,Youssouf Sabaly,96.9,57.9,29.223620583356876,11.373300680253257,Right Foot,Open Play,Normal,False,0.011074076,0
3857285,Senegal,Krépin Diatta,115.2,50.5,11.545128842936313,16.333639121614382,Right Foot,Open Play,Half Volley,False,0.058196757,0
3857285,Netherlands,Steven Berghuis,95.3,32.8,25.728000310945276,15.577864327498277,Left Foot,Open Play,Normal,False,0.038496487,0
3857285,Senegal,Boulaye Dia,107.6,56.5,20.64000968992021,12.406469123920415,Right Foot,Open Play,Normal,False,0.04221427,0
3857285,Senegal,Idrissa Gana Gueye,103.3,40.4,16.704789732289363,24.710079950063964,Right Foot,Open Play,Half Volley,True,0.06520781,0
3857285,Senegal,Cheikh Ahmadou Bamba Mbacke Dieng,104.3,31.7,17.758941409892653,20.834958236647772,Left Foot,Open Play,Half Volley,False,0.07416881,0
3857285,Senegal,Ismaïla Sarr,111.3,40.6,8.720665112249183,45.466923980829115,Head,Open Play,Normal,True,0.06430619,0
3857285,Netherlands,Cody Mathès Gakpo,112.3,39.0,7.764663547121668,50.23981280339239,Head,Open Play,Normal,False,0.28603274,1
3857285,Senegal,Pape Gueye,93.8,56.8,31.123624467596958,11.351859982423832,Left Foot,Open Play,Normal,False,0.008650101,0
3857285,Senegal,Ismail Jakobs,91.0,27.5,31.579265349276255,12.175693445505706,Left Foot,Open Play,Half Volley,False,0.014392905,0
3857285,Senegal,Cheikh Ahmadou Bamba Mbacke Dieng,112.8,35.7,8.386298349093002,42.79033727650408,Head,Open Play,Normal,False,0.16068545,0
3857285,Netherlands,Memphis Depay,101.2,50.1,21.341274563624356,17.291892929895745,Left Foot,Open Play,Normal,False,0.102816984,0
3857285,Netherlands,Davy Klaassen,109.5,34.8,11.717081547894084,31.81410017535614,Left Foot,Open Play,Normal,False,0.34814927,1
3857286,Ecuador,Romario Andrés Ibarra Mina,96.5,46.4,24.355902775302745,16.52462986757853,Right Foot,Open Play,Normal,True,0.057691004,0
3857286,Ecuador,Enner Remberto Valencia Lastra,109.6,38.0,10.590561835898987,37.625181342169206,Head,Open Play,Normal,False,0.08878088,1
3857286,Qatar,Abdelkarim Hassan Al Haj Fadlalla,88.4,22.4,36.17070637961056,10.127908995510403,Left Foot,Open Play,Normal,False,0.0062173195,0
3857286,Qatar,Almoez Ali Zainalabiddin Abdulla,113.0,43.7,7.917701686727028,46.10868275100137,Head,Open Play,Normal,False,0.21267414,0
3857286,Ecuador,Angelo Smit Preciado Quiñónez,91.7,61.5,35.54068091638088,9.411697811516891,Right Foot,Open Play,Normal,False,0.0066099144,0
3857286,Ecuador,Romario Andrés Ibarra Mina,101.9,32.3,19.66977376585709,19.530957026764685,Right Foot,Open Play,Normal,False,0.07894745,0
3857286,Qatar,Pedro Miguel Correia,106.5,47.5,15.443445211480501,23.701296840179253,Head,Open Play,Normal,True,0.030855335,0
3857286,Qatar,Akram Hassan Afif,92.1,23.1,32.61931942882929,11.000383838682039,Right Foot,Open Play,Normal,False,0.009109482,0
3857286,Qatar,Mohammed Muntari,100.2,55.2,24.961570463414354,13.372312167105843,Right Foot,Open Play,Half Volley,False,0.045332674,0
3857286,Ecuador,Kevin José Rodríguez Cortez,112.3,37.4,8.127115109311548,46.948867793661485,Head,Open Play,Normal,False,0.13848205,0
3857287,Uruguay,Matías Vecino Falero,109.5,28.6,15.498709623707386,18.71984291715981,Head,Open Play,Normal,False,0.052239094,0
3857287,Uruguay,Federico Santiago Valverde Dipetta,103.9,35.4,16.744252745345186,23.818369594494516,Left Foot,Open Play,Half Volley,True,0.05187739,0
3857287,South Korea,Ui-Jo Hwang,108.9,42.7,11.423659658795858,34.7545537417456,Right Foot,Open Play,Normal,False,0.323128,0
3857287,South Korea,In-Beom Hwang,89.7,57.6,35.04069063246328,10.349874150786238,Right Foot,Open Play,Normal,False,0.007071261,0
3857287,Uruguay,Diego Roberto Godín Leal,110.0,40.4,10.007996802557443,40.153120888782894,Head,Open Play,Normal,True,0.054689027,0
3857287,Uruguay,José María Giménez de Vargas,103.5,35.9,17.00176461429813,23.66021837292256,Head,Open Play,Normal,False,0.046385217,0
3857287,South Korea,Min Jae Kim,111.5,46.1,10.462313319720453,32.93074710628019,Other,Open Play,Normal,False,0.046898182,0
3857287,Uruguay,Rodrigo Bentancur Colmán,101.3,38.3,18.777113729218346,21.97743065223748,Right Foot,Open Play,Normal,False,0.052523207,0
3857287,Uruguay,Federico Santiago Valverde Dipetta,90.5,27.4,32.078185734233784,12.003481160455866,Right Foot,Open Play,Half Volley,False,0.014167523,0
3857287,Uruguay,Edinson Roberto Cavani Gómez,106.6,47.5,15.356106277308715,23.798180111637873,Right Foot,Open Play,Normal,False,0.03804607,0
3857287,South Korea,Kang-In Lee,94.5,54.2,29.187154708878357,12.550158241453907,Left Foot,Open Play,Normal,False,0.023162797,0
3857287,South Korea,Gue-Sung Cho,93.4,42.0,26.675082005497185,15.58332562812813,Left Foot,Open Play,Half Volley,False,0.036145955,0
3857287,Uruguay,Darwin Gabriel Núñez Ribeiro,100.6,28.3,22.655021518418387,15.859780882328435,Right Foot,Open Play,Normal,False,0.028178101,0
3857287,Uruguay,Edinson Roberto Cavani Gómez,110.5,39.7,9.504735661763561,42.10631230456668,Head,Open Play,Normal,False,0.06689449,0
3857287,Uruguay,Federico Santiago Valverde Dipetta,95.7,22.6,29.887288267756908,11.429171766566634,Right Foot,Open Play,Normal,False,0.012294213,0
3857287,South Korea,Heung-Min Son,93.8,36.6,26.419689627245816,15.649600889788553,Left Foot,Open Play,Normal,False,0.0335565,0
3857287,South Korea,In-Beom Hwang,94.9,26.7,28.40598528479517,13.036812153580957,Left Foot,Open Play,Normal,False,0.023029828,0
3857288,Australia,Fran Karačić,90.9,41.2,29.124731758421394,14.313550306755538,Right Foot,Open Play,Volley,True,0.015131147,0
3857288,Tunisia,Mohamed Dräger,92.0,42.5,28.111385593741193,14.779744213637397,Right Foot,Open Play,Normal,False,0.029703999,0
3857288,Australia,Mitchell Thomas Duke,110.1,32.5,12.420144926690675,27.22365458928963,Head,Open Play,Normal,False,0.04459479,1
3857288,Australia,Mitchell Thomas Duke,110.7,34.3,10.907795377618704,32.81207491685678,Head,Open Play,Normal,False,0.03948435,0
3857288,Australia,Jackson Irvine,114.3,48.2,9.98649087517733,25.793716752057023,Right Foot,Open Play,Backheel,False,0.07543106,0
3857288,Tunisia,Youssef Msakni,102.8,54.8,22.690967365892536,14.09353273506,Right Foot,Open Play,Normal,False,0.031703874,0
3857288,Tunisia,Mohamed Dräger,109.2,48.4,13.682105101189652,24.45870631842315,Right Foot,Open Play,Normal,False,0.21984866,0
3857288,Australia,Mitchell Thomas Duke,104.9,40.6,15.111915828246259,27.210575709941924,Head,Open Play,Normal,True,0.040856346,0
3857288,Australia,Fran Karačić,106.4,54.9,20.173497465734588,14.194850935292408,Left Foot,Open Play,Half Volley,False,0.035070673,0
3857288,Australia,Fran Karačić,87.2,52.2,34.9954282728473,11.211616879179745,Right Foot,Open Play,Volley,False,0.0052714557,0
3857288,Tunisia,Youssef Msakni,111.0,45.5,10.547511554864494,33.95021992067636,Right Foot,Open Play,Normal,False,0.23484555,0
3857288,Australia,Mitchell Thomas Duke,107.3,39.8,12.701574705523724,32.14581587190912,Head,Open Play,Normal,False,0.06400663,0
3857288,Tunisia,Ferjani Sassi,91.2,52.7,31.47586376892618,12.172488066754324,Right Foot,Open Play,Normal,False,0.020219443,0
3857288,Tunisia,Youssef Msakni,101.8,31.8,19.961963831246667,19.083599963340024,Right Foot,Open Play,Normal,False,0.058604978,0
3857288,Tunisia,Youssef Msakni,108.1,25.0,19.147062437878038,13.853565673541945,Left Foot,Open Play,Normal,False,0.026706748,0
3857288,Tunisia,Youssef Msakni,95.6,42.2,24.498979570586208,16.928885356987116,Right Foot,Open Play,Normal,False,0.048467197,0
3857288,Australia,Aaron Mooy,95.6,44.1,24.742069436488134,16.60927941008341,Right Foot,Open Play,Half Volley,False,0.039191317,0
3857288,Tunisia,Youssef Msakni,110.1,38.0,10.100000000000005,39.27596834569554,Head,Open Play,Normal,True,0.10262261,0
3857288,Tunisia,Montassar Omar Talbi,89.6,34.9,30.82482765564149,13.362770521025357,Right Foot,Open Play,Volley,False,0.012159805,0
3857288,Tunisia,Taha Yassine Khenissi,98.4,54.6,26.071440313108898,13.348818727575605,Right Foot,Open Play,Normal,False,0.012915949,0
3857288,Tunisia,Naïm Sliti,109.8,47.4,12.601587201618694,27.180136853611106,Left Foot,Open Play,Normal,False,0.1403044,0
3857288,Tunisia,Wahbi Khazri,109.9,49.4,13.797463535012508,22.67299333174449,Left Foot,Open Play,Normal,False,0.09264534,0
3857288,Tunisia,Wahbi Khazri,108.4,24.1,19.68171740473884,12.792293017879725,Right Foot,Open Play,Normal,False,0.021421792,0
3857289,Mexico,César Jasib Montes Castro,107.6,38.6,12.478781991845203,32.52786992907811,Left Foot,Open Play,Volley,True,0.0988946,0
3857289,Argentina,Lautaro Javier Martínez,112.7,39.5,7.317103251970684,53.08387855790213,Head,Open Play,Normal,True,0.13799548,0
3857289,Mexico,Ernesto Alexis Vega Rojas,92.4,35.8,27.917736297916413,14.775169994880747,Right Foot,Free Kick,Normal,False,0.05948228,0
3857289,Mexico,Ernesto Alexis Vega Rojas,92.8,23.0,32.07553584899246,11.093573855693608,Right Foot,Open Play,Half Volley,False,0.0077116457,0
3857289,Mexico,Hirving Rodrigo Lozano Bahena,93.5,36.8,26.692508312258703,15.507911799920684,Right Foot,Open Play,Normal,False,0.040303126,0
3857289,Argentina,Lionel Andrés Messi Cuccittini,94.8,41.9,25.27152547829276,16.437235367778907,Left Foot,Free Kick,Normal,False,0.067327775,0
3857289,Argentina,Lionel Andrés Messi Cuccittini,94.9,37.4,25.234302050978144,16.422238059909944,Left Foot,Open Play,Normal,False,0.033919714,1
3857289,Argentina,Nahuel Molina Lucero,101.5,49.2,20.66131651178114,18.133694514015403,Right Foot,Open Play,Half Volley,False,0.050896797,0
3857289,Argentina,Enzo Fernandez,106.5,22.8,21.865269264292174,12.005444830882645,Right Foot,Open Play,Normal,False,0.035064373,1
3857290,Cameroon,Bryan Mbeumo,109.4,22.7,20.289159667172022,11.024838429750769,Left Foot,Open Play,Normal,False,0.016072592,0
3857290,Cameroon,Karl Brillant Toko Ekambi,108.7,32.1,13.787675656179323,25.084472270782577,Right Foot,Open Play,Half Volley,False,0.15900026,0
3857290,Switzerland,Granit Xhaka,88.1,28.2,34.01249770305028,11.541834122438187,Left Foot,Open Play,Normal,False,0.012105021,0
3857290,Cameroon,Ngoran Suiru Fai Collins,98.8,59.8,29.008274681545608,10.614185923758518,Right Foot,Open Play,Normal,False,0.009452554,0
3857290,Cameroon,Martin Hongla Yma II,110.6,53.8,16.69730517179344,14.534344198651542,Right Foot,Open Play,Normal,True,0.08237888,0
3857290,Switzerland,Nico Elvedi,113.3,38.7,6.824954212300624,55.9167327377778,Head,Open Play,Normal,True,0.19001445,0
3857290,Cameroon,Jean-Eric Maxim Choupo-Moting,105.2,53.5,20.0322240402807,15.604650277468371,Right Foot,Open Play,Normal,False,0.041722767,0
3857290,Switzerland,Manuel Obafemi Akanji,114.7,38.7,5.457105459856898,67.10460203037918,Head,Open Play,Normal,False,0.15555824,0
3857290,Switzerland,Breel-Donald Embolo,111.9,39.5,8.115417426109387,48.49605975033775,Right Foot,Open Play,Normal,True,0.55189455,1
3857290,Cameroon,Nicolas Alexis Julio N'Koulou Ndoubena,116.1,35.1,6.262587324740473,47.86763986956015,Head,Open Play,Normal,False,0.24569963,0
3857290,Cameroon,Jean-Eric Maxim Choupo-Moting,119.2,47.9,7.9404030124421245,6.726118338537662,Right Foot,Open Play,Normal,False,0.0123953605,0
3857290,Cameroon,André-Frank Zambo Anguissa,107.5,44.3,13.21892582625381,29.557999603228524,Head,Open Play,Normal,True,0.046351306,0
3857290,Switzerland,Ruben Vargas,107.5,41.8,12.628935030318273,32.05921727135543,Right Foot,Open Play,Normal,False,0.1977995,0
3857290,Switzerland,Granit Xhaka,96.2,37.3,23.952661647507984,17.271218557090545,Left Foot,Open Play,Normal,False,0.048882935,0
3857290,Switzerland,Haris Seferović,108.0,45.8,13.328165665236908,28.138439591320264,Left Foot,Open Play,Normal,False,0.27028984,0
3857291,Spain,Daniel Olmo Carvajal,112.4,45.9,9.621330469326988,35.09384752009399,Right Foot,Open Play,Volley,False,0.20824905,0
3857291,Spain,Marco Asensio Willemsen,102.5,40.7,17.513994404475525,23.59031967968488,Left Foot,Open Play,Normal,False,0.1501565,0
3857291,Spain,Daniel Olmo Carvajal,112.3,39.3,7.731752712031086,50.54754201668052,Right Foot,Open Play,Lob,False,0.48925844,1
3857291,Spain,Marco Asensio Willemsen,105.8,33.4,15.65886330485071,24.152062393016443,Left Foot,Open Play,Half Volley,False,0.09218961,1
3857291,Spain,Marco Asensio Willemsen,91.7,29.8,30.08205445111753,13.081065615414882,Left Foot,Open Play,Normal,False,0.015886325,0
3857291,Spain,Marco Asensio Willemsen,110.5,30.5,13.435028842544403,22.594491639085877,Left Foot,Open Play,Normal,False,0.04809784,0
3857291,Spain,Marco Asensio Willemsen,100.5,45.7,20.316003544004417,19.66871027633997,Left Foot,Open Play,Normal,False,0.08547543,0
3857291,Spain,Ferrán Torres García,114.7,49.4,10.791200118615164,20.62941704696146,Left Foot,Open Play,Normal,False,0.10498973,1
3857291,Spain,Daniel Olmo Carvajal,92.0,25.7,31.440260813167566,11.870481308119382,Right Foot,Open Play,Normal,False,0.017297672,0
3857291,Spain,Álvaro Borja Morata Martín,112.0,54.0,16.1245154965971,13.358339100688097,Right Foot,Open Play,Normal,False,0.06487478,0
3857291,Spain,Daniel Olmo Carvajal,110.3,29.3,14.442298985964806,19.990327873657193,Head,Open Play,Normal,False,0.033574425,0
3857291,Spain,Pablo Martín Páez Gavira,103.0,45.8,17.962182495454165,21.919862807657804,Right Foot,Open Play,Volley,False,0.056229107,1
3857291,Spain,Carlos Soler Barragán,109.7,40.1,10.30048542545447,39.12127617747599,Right Foot,Open Play,Normal,False,0.33333436,1
3857291,Spain,Álvaro Borja Morata Martín,104.0,36.4,16.4,24.62102958342699,Left Foot,Open Play,Normal,False,0.16366571,1
3857291,Spain,Carlos Soler Barragán,102.5,42.5,17.67766952966369,23.18441241252033,Right Foot,Open Play,Normal,False,0.10654532,0
3857291,Spain,Carlos Soler Barragán,103.5,16.7,28.55065673500349,8.566989647810896,Right Foot,Free Kick,Normal,False,0.008599174,0
3857292,Germany,Jamal Musiala,99.6,29.7,22.852789764052883,16.35481105907962,Right Foot,Open Play,Normal,False,0.06331741,0
3857292,Germany,Leon Goretzka,109.5,48.0,13.200378782444085,25.539563583927535,Right Foot,Open Play,Normal,False,0.15352516,0
3857292,Germany,Thomas Müller,108.2,42.4,12.041594578792292,33.27811734284155,Head,Open Play,Diving Header,False,0.14610097,0
3857292,Germany,Serge Gnabry,111.9,33.1,10.640488710580914,30.70874469625185,Head,Open Play,Normal,False,0.0895267,1
3857292,Germany,Leon Goretzka,113.1,35.8,8.077747210701762,44.24641675850359,Head,Open Play,Normal,False,0.18187125,0
3857292,Germany,Thomas Müller,111.6,41.1,8.471717653463203,46.48800649337947,Head,Open Play,Normal,True,0.069567084,0
3857292,Germany,Serge Gnabry,105.2,30.9,17.373830895919298,20.584877627367277,Right Foot,Open Play,Normal,False,0.044056788,0
3857292,Germany,Joshua Kimmich,92.4,55.8,31.80251562376787,11.444072701562114,Right Foot,Open Play,Normal,False,0.011488004,0
3857292,Germany,Jamal Musiala,105.7,33.6,15.666843970627903,24.279368411649134,Right Foot,Open Play,Normal,False,0.16202919,0
3857292,Germany,Serge Gnabry,106.4,28.9,17.55477143115227,18.660991865685183,Right Foot,Open Play,Normal,False,0.06251996,0
3857292,Costa Rica,Keysher Fuller Spence,107.3,51.1,16.867127793433003,18.92727681131408,Right Foot,Open Play,Half Volley,False,0.14103858,0
3857292,Germany,Leroy Sané,98.5,47.8,22.871160880025307,17.159289163145306,Left Foot,Open Play,Normal,True,0.080942705,0
3857292,Germany,Leroy Sané,99.5,44.5,20.988091861815356,19.358551394399754,Left Foot,Open Play,Normal,False,0.078109905,0
3857292,Costa Rica,Keysher Fuller Spence,108.9,54.5,18.260887163552592,14.244281788653963,Right Foot,Open Play,Normal,False,0.050267275,0
3857292,Costa Rica,Yeltsin Ignacio Tejeda Valverde,97.2,48.9,24.475497952033578,15.9061490782753,Right Foot,Open Play,Half Volley,True,0.042256437,0
3857292,Germany,Serge Gnabry,100.7,26.9,23.325951213187427,14.906702294067614,Right Foot,Open Play,Normal,False,0.029866349,0
3857292,Germany,Leroy Sané,91.0,39.6,29.00275848949544,14.383519518136655,Left Foot,Open Play,Normal,False,0.02438984,0
3857292,Costa Rica,Kendall Jamaal Waston Manley,108.9,45.4,12.343824366864585,30.312880918931704,Head,Open Play,Diving Header,False,0.099276,0
3857292,Costa Rica,Yeltsin Ignacio Tejeda Valverde,114.3,38.1,6.008327554319923,61.446875524399374,Right Foot,Open Play,Normal,False,0.4798206,1
3857292,Germany,Jamal Musiala,111.2,28.5,14.480676779764126,18.16777476609298,Left Foot,Open Play,Normal,False,0.082946144,0
3857292,Germany,Jamal Musiala,117.3,31.5,8.91852005660132,16.636187866667115,Right Foot,Open Play,Volley,False,0.1066145,0
3857292,Germany,Thomas Müller,106.3,47.2,15.476756766196209,23.91588750241971,Right Foot,Open Play,Normal,False,0.05438086,0
3857292,Germany,Antonio Rüdiger,114.5,44.2,6.9202601107183845,49.41033362707845,Right Foot,Open Play,Normal,True,0.41498688,0
3857292,Germany,Jamal Musiala,100.6,27.6,23.024334952393307,15.366848283673496,Right Foot,Open Play,Normal,False,0.037713535,0
3857292,Germany,Kai Havertz,107.3,35.1,13.612494260788507,28.404032823227574,Right Foot,Open Play,Half Volley,False,0.110909514,0
3857292,Costa Rica,Juan Pablo Vargas Campos,116.1,43.1,4.981967482832466,68.1895941911003,Left Foot,Open Play,Volley,False,0.18427365,0
3857292,Germany,Kai Havertz,109.3,42.6,11.011357772772623,35.98719976753713,Right Foot,Open Play,Half Volley,False,0.4749194,1
3857292,Germany,Kai Havertz,102.8,36.0,17.658992043715294,22.87330155098199,Left Foot,Open Play,Normal,False,0.14038351,0
3857292,Germany,Niclas Füllkrug,115.2,44.6,6.648308055437863,48.75833844595997,Right Foot,Open Play,Half Volley,False,0.36338806,0
3857292,Costa Rica,Jewison Bennette,94.4,46.4,26.38787600395302,15.344094316069242,Left Foot,Open Play,Normal,False,0.037811525,0
3857292,Germany,Jamal Musiala,104.6,30.8,17.93878479719293,20.078372792527823,Right Foot,Open Play,Normal,False,0.060394496,0
3857292,Germany,Kai Havertz,113.1,37.6,7.305477397131557,51.640255930864946,Left Foot,Open Play,Half Volley,False,0.31018513,1
3857292,Germany,Kai Havertz,110.4,27.0,16.160445538412606,15.834624095049747,Left Foot,Open Play,Normal,False,0.11890341,0
3857292,Germany,Mario Götze,107.0,43.6,13.4892549831338,29.44611886056117,Head,Open Play,Normal,False,0.066507556,0
3857292,Germany,Niclas Füllkrug,114.8,42.5,5.769748694700665,62.4058854580343,Left Foot,Open Play,Half Volley,False,0.510154,1
3857292,Germany,Niclas Füllkrug,101.1,39.1,18.92141643746578,21.872783567438564,Right Foot,Open Play,Half Volley,False,0.046867393,0
3857292,Germany,Niclas Füllkrug,117.9,32.7,7.596051605933173,19.134896427615008,Head,Open Play,Normal,False,0.13407986,0
3857292,Germany,Jamal Musiala,107.5,40.3,12.503599481749246,32.62367422716831,Left Foot,Open Play,Normal,False,0.085460834,0
3857293,Ghana,Jordan Ayew,101.8,36.6,18.51485889765299,22.020330537965503,Right Foot,Open Play,Normal,True,0.07146578,0
3857293,Uruguay,Darwin Gabriel Núñez Ribeiro,106.8,29.0,17.182549286994643,18.923122632640244,Right Foot,Open Play,Lob,False,0.15781382,0
3857293,Uruguay,Luis Alberto Suárez Díaz,108.6,33.4,13.172699040060095,27.52603902278498,Right Foot,Open Play,Normal,False,0.2733873,0
3857293,Uruguay,Giorgian Daniel De Arrascaeta Benedetti,118.0,42.7,3.360059523282291,98.18444769063827,Head,Open Play,Normal,False,0.71106935,1
3857293,Uruguay,Giorgian Daniel De Arrascaeta Benedetti,110.8,31.2,12.73106437027164,24.367318299829826,Right Foot,Open Play,Volley,True,0.16736692,1
3857293,Ghana,Mohammed Kudus,94.7,45.8,25.956309444911458,15.666572025853739,Left Foot,Open Play,Normal,False,0.041819587,0
3857293,Uruguay,José María Giménez de Vargas,106.5,42.5,13.729530217745982,29.43816828361923,Head,Open Play,Normal,True,0.03238874,0
3857293,Ghana,Osman Bukari,104.7,50.8,18.727786842016325,18.36631621122673,Right Foot,Open Play,Half Volley,False,0.08441304,0
3857293,Uruguay,Facundo Pellistri Rebollo,107.5,33.2,14.229898102235307,25.821657243999578,Right Foot,Open Play,Normal,False,0.099497445,0
3857293,Uruguay,Federico Santiago Valverde Dipetta,92.5,22.5,32.59601202601324,10.861780776053362,Right Foot,Open Play,Volley,False,0.0066686436,0
3857293,Uruguay,Federico Santiago Valverde Dipetta,93.0,21.1,32.957700162481,10.4383170400174,Right Foot,Open Play,Normal,False,0.008103582,0
3857293,Ghana,Mohammed Kudus,95.7,47.2,25.3442301125917,15.792029310792168,Right Foot,Open Play,Normal,False,0.04665373,0
3857293,Uruguay,Federico Santiago Valverde Dipetta,59.0,4.0,70.83078426785913,5.099547901124345,Right Foot,Open Play,Normal,False,0.003913026,0
3857293,Ghana,Antoine Semenyo,109.6,28.0,15.87954659302337,17.68444001096439,Left Foot,Open Play,Normal,False,0.12024433,0
3857293,Ghana,Mohammed Kudus,96.8,42.8,23.36835467036565,17.68269287922625,Left Foot,Open Play,Normal,False,0.05586675,0
3857293,Ghana,Mohammed Kudus,108.0,43.6,12.52836781069266,31.460414709648305,Left Foot,Open Play,Half Volley,False,0.10750313,0
3857293,Uruguay,Maximiliano Gómez González,93.0,49.4,28.589508565206224,13.811250897479034,Right Foot,Open Play,Normal,False,0.030132728,0
3857293,Ghana,Kamaldeen Sulemana,99.5,50.6,23.07834482799839,16.120010700964173,Right Foot,Open Play,Normal,False,0.081227794,0
3857293,Uruguay,Sebastián Coates Nión,108.8,43.0,11.594826432508597,34.10998896091662,Right Foot,Open Play,Normal,False,0.103292696,0
3857293,Uruguay,Diego Nicolás De La Cruz Arcosa,91.4,33.9,29.24328982860854,13.966292484312158,Right Foot,Free Kick,Normal,False,0.0429242,0
3857294,Netherlands,Memphis Depay,114.9,52.7,13.685759021698432,12.115788601738156,Right Foot,Open Play,Half Volley,False,0.04113277,0
3857294,Qatar,Hassan Khalid Al Heidos,89.6,52.0,32.6827171453048,11.913224671142578,Right Foot,Open Play,Normal,False,0.015712837,0
3857294,Netherlands,Daley Blind,114.1,29.0,12.482387592123555,16.87023407361592,Right Foot,Open Play,Normal,False,0.10723932,0
3857294,Netherlands,Daley Blind,115.2,28.6,12.369316876852979,14.12694306011467,Right Foot,Open Play,Volley,True,0.042171385,0
3857294,Netherlands,Cody Mathès Gakpo,93.2,29.5,28.783502219153245,13.532505642739903,Right Foot,Open Play,Normal,True,0.023612352,0
3857294,Netherlands,Frenkie de Jong,96.9,32.3,24.349537983296518,16.26657219276873,Right Foot,Open Play,Normal,False,0.032602046,0
3857294,Netherlands,Memphis Depay,107.4,31.3,15.31176018620981,22.647686534429596,Right Foot,Open Play,Half Volley,False,0.14338174,0
3857294,Netherlands,Davy Klaassen,113.0,44.5,8.32165848854662,42.53281016011967,Head,Open Play,Normal,True,0.08364612,0
3857294,Qatar,Abdelkarim Hassan Al Haj Fadlalla,109.2,45.5,12.119818480488886,30.63421316392593,Right Foot,Open Play,Volley,False,0.067132466,0
3857294,Netherlands,Memphis Depay,113.6,30.5,11.454693361238444,21.68486584510658,Right Foot,Open Play,Normal,True,0.0753362,0
3857294,Netherlands,Cody Mathès Gakpo,103.3,39.8,16.701197561851668,24.719912059557576,Right Foot,Open Play,Normal,True,0.14035599,1
3857294,Qatar,Ismaeel Mohammad Mohammad,93.9,39.3,26.109385285755,15.95394684254457,Right Foot,Open Play,Normal,True,0.03016361,0
3857294,Netherlands,Memphis Depay,93.6,49.7,28.12561110447203,13.955387980018367,Right Foot,Open Play,Half Volley,False,0.029451067,0
3857294,Netherlands,Memphis Depay,116.4,34.2,6.826419266350399,38.436562077319415,Right Foot,Open Play,Volley,True,0.2959347,0
3857294,Netherlands,Frenkie de Jong,117.6,40.3,2.41867732448957,113.24391944367909,Right Foot,Open Play,Half Volley,False,0.6883914,1
3857294,Qatar,Abdulaziz Hatem Mohammed Abdullah,94.7,53.1,28.490349243208655,13.06082773992157,Right Foot,Open Play,Normal,False,0.024495702,0
3857294,Qatar,Pedro Miguel Correia,88.8,53.2,33.87742611238345,11.384085320705092,Right Foot,Open Play,Normal,False,0.00621196,0
3857294,Netherlands,Steven Berghuis,102.2,59.1,26.108427758101406,11.03308499641026,Left Foot,Open Play,Normal,False,0.010698183,0
3857295,Japan,Ritsu Doan,91.7,53.8,31.48539343886304,11.960173457615744,Left Foot,Open Play,Half Volley,False,0.015573137,0
3857295,Costa Rica,Gerson Torres Barrantes,90.1,47.7,30.87555667514353,13.108407540755065,Left Foot,Open Play,Volley,False,0.01353695,0
3857295,Costa Rica,Francisco Javier Calvo Quesada,91.0,26.8,31.862831010442246,11.963410451495717,Left Foot,Open Play,Half Volley,False,0.014244432,0
3857295,Costa Rica,Joel Nathaniel Campbell Samuels,101.0,29.1,21.904565734111234,16.604041966189783,Left Foot,Open Play,Normal,False,0.051288527,0
3857295,Japan,Wataru Endo,100.1,51.7,23.084626919229176,15.663390691003459,Left Foot,Open Play,Normal,False,0.03132781,0
3857295,Japan,Hidemasa Morita,101.4,30.9,20.706762180505184,18.14818117272996,Right Foot,Open Play,Normal,False,0.09737273,0
3857295,Japan,Takuma Asano,104.1,50.2,18.890473789717404,18.72021844333889,Right Foot,Open Play,Volley,False,0.051375452,0
3857295,Japan,Wataru Endo,95.2,41.1,24.824383174612816,16.75848945080917,Right Foot,Open Play,Normal,True,0.042255066,0
3857295,Japan,Takuma Asano,107.6,37.5,12.649505919204913,31.76137429963673,Head,Open Play,Normal,False,0.08747226,0
3857295,Japan,Ko Itakura,105.0,40.0,15.0,27.42447371706404,Left Foot,Open Play,Normal,False,0.07774679,0
3857295,Japan,Wataru Endo,103.1,34.1,17.90027932742951,21.945768967291222,Right Foot,Open Play,Normal,False,0.04122181,0
3857295,Japan,Yuki Soma,105.4,22.1,23.099134182908237,11.610096586342413,Right Foot,Open Play,Normal,False,0.022210024,0
3857295,Japan,Yuki Soma,98.1,35.7,22.318154045529845,18.300782739760596,Right Foot,Free Kick,Normal,False,0.08557594,0
3857295,Japan,Daichi Kamada,101.2,43.2,19.070395905696344,21.44834158528241,Right Foot,Free Kick,Normal,False,0.10029054,0
3857295,Japan,Yuki Soma,95.7,44.3,24.677520134729903,16.62867202207854,Right Foot,Open Play,Half Volley,False,0.027111016,0
3857295,Costa Rica,Keysher Fuller Spence,102.6,47.5,18.94755920956576,20.23016936913072,Left Foot,Open Play,Normal,False,0.120298475,1
3857295,Japan,Daichi Kamada,108.0,37.6,12.237646832622683,32.787868577911595,Right Foot,Open Play,Normal,False,0.09400092,0
3857296,Croatia,Ivan Perišić,102.9,23.8,23.555254190944318,13.016816672164538,Right Foot,Open Play,Half Volley,False,0.03397081,0
3857296,Belgium,Yannick Ferreira Carrasco,105.3,27.8,19.103141102970476,17.019248265924244,Right Foot,Open Play,Normal,False,0.05519996,0
3857296,Belgium,Yannick Ferreira Carrasco,117.0,29.2,11.208925015361643,11.069779342975512,Right Foot,Open Play,Normal,False,0.020840297,0
3857296,Belgium,Dries Mertens,105.2,33.9,16.00781059358212,24.041385010366636,Right Foot,Open Play,Normal,True,0.1934709,0
3857296,Belgium,Axel Witsel,92.7,34.9,27.772288346479478,14.770954325339781,Right Foot,Open Play,Normal,False,0.025340356,0
3857296,Croatia,Marcelo Brozović,99.8,36.6,20.48414020651099,20.00220321043238,Left Foot,Open Play,Normal,False,0.054300383,0
3857296,Croatia,Marko Livaja,112.2,42.5,8.190848551890088,46.75860107520416,Head,Open Play,Normal,True,0.104244776,0
3857296,Belgium,Dries Mertens,116.9,49.2,9.7082439194738,15.676915040106993,Left Foot,Open Play,Volley,False,0.108029366,0
3857296,Croatia,Borna Sosa,94.9,25.7,28.887713651308573,12.612853828216949,Left Foot,Open Play,Normal,False,0.024362085,0
3857296,Croatia,Ivan Perišić,108.5,38.0,11.672617529928752,34.41899451650445,Head,Open Play,Normal,False,0.08771692,0
3857296,Croatia,Josip Juranović,103.1,51.5,20.44162420161373,17.006583898006845,Right Foot,Open Play,Volley,False,0.041306578,0
3857296,Belgium,Yannick Ferreira Carrasco,100.9,28.3,22.398660674245676,15.97755059900151,Left Foot,Open Play,Half Volley,False,0.026916144,0
3857296,Belgium,Romelu Lukaku Menama,117.5,34.2,6.315853069855248,34.6333030777743,Head,Open Play,Normal,True,0.1189759,0
3857296,Croatia,Mateo Kovačić,103.9,29.2,19.386851214160586,18.01192768900199,Right Foot,Open Play,Normal,False,0.07960723,0
3857296,Croatia,Borna Sosa,94.7,35.3,25.732858372128035,15.931435554074929,Left Foot,Open Play,Half Volley,False,0.024012579,0
3857296,Belgium,Kevin De Bruyne,100.9,32.5,20.519746587129184,18.929844369787805,Left Foot,Open Play,Normal,True,0.048855886,0
3857296,Croatia,Marcelo Brozović,100.6,37.7,19.535864454894238,21.08787224970639,Left Foot,Open Play,Normal,True,0.10219261,0
3857296,Croatia,Luka Modrić,105.6,52.9,19.333132182861632,16.30397655741922,Left Foot,Open Play,Normal,True,0.071706615,0
3857296,Belgium,Yannick Ferreira Carrasco,112.8,36.3,8.095060222135476,45.31129199695884,Right Foot,Open Play,Normal,False,0.09935363,0
3857296,Belgium,Romelu Lukaku Menama,110.7,45.1,10.606601717798211,34.48563910010338,Right Foot,Open Play,Normal,True,0.19960539,0
3857296,Belgium,Romelu Lukaku Menama,113.1,42.1,7.212489168102791,52.59418862454319,Head,Open Play,Normal,False,0.30245224,0
3857296,Croatia,Luka Modrić,106.7,39.0,13.337541002748592,30.619165545185133,Right Foot,Open Play,Half Volley,False,0.07160131,0
3857296,Belgium,Kevin De Bruyne,111.9,60.4,21.949259668608413,7.2147558304194765,Right Foot,Open Play,Normal,True,0.0061408128,0
3857296,Belgium,Jan Vertonghen,112.6,36.5,8.18596359630313,45.294284267317195,Head,Open Play,Normal,True,0.07045005,0
3857296,Belgium,Thomas Meunier,110.5,53.1,16.18208886392607,15.635824366067666,Right Foot,Open Play,Volley,False,0.04308796,0
3857296,Belgium,Romelu Lukaku Menama,115.5,43.8,5.889821729050887,57.11893876828546,Left Foot,Open Play,Half Volley,False,0.4909717,0
3857296,Belgium,Romelu Lukaku Menama,117.4,37.3,3.7483329627982607,88.03070657845895,Other,Open Play,Normal,False,0.5721495,0
3857297,Saudi Arabia,Mohammed Al Burayk,91.6,24.8,32.21179908046119,11.473743309605796,Right Foot,Open Play,Normal,False,0.012477021,0
3857297,Saudi Arabia,Mohammed Kanoo,105.5,54.5,20.506096654409877,14.612816104610216,Right Foot,Open Play,Normal,False,0.03839731,0
3857297,Poland,Krystian Bielik,111.7,39.3,8.329465769183518,47.340581719129105,Head,Open Play,Normal,True,0.075333446,0
3857297,Saudi Arabia,Saleh Khalid Al Shehri,108.5,45.0,12.539936203984453,30.335104242271502,Head,Open Play,Normal,False,0.044610713,0
3857297,Poland,Piotr Zieliński,111.9,44.7,9.364827814754522,38.58849566452125,Right Foot,Open Play,Half Volley,False,0.23496674,1
3857297,Poland,Robert Lewandowski,112.9,58.5,19.81565038044424,7.802852991115191,Right Foot,Open Play,Half Volley,False,0.009729679,0
3857297,Saudi Arabia,Mohammed Al Burayk,112.7,32.9,10.183319694480772,30.61415950408837,Right Foot,Open Play,Normal,False,0.35719204,0
3857297,Saudi Arabia,Saud Abdullah Abdul Hamid,85.9,24.5,37.45744251814317,10.182902406961006,Right Foot,Open Play,Normal,False,0.005913877,0
3857297,Saudi Arabia,Mohammed Kanoo,104.2,39.3,15.815498727514093,26.037706441278118,Right Foot,Open Play,Overhead Kick,False,0.03705331,0
3857297,Saudi Arabia,Salem Mohammed Al Dawsari,97.6,21.6,28.988273491189506,11.215504800554701,Right Foot,Open Play,Normal,False,0.010959039,0
3857297,Saudi Arabia,Salem Mohammed Al Dawsari,114.6,36.1,6.661080993352359,51.91751782821245,Left Foot,Open Play,Normal,False,0.16438472,0
3857297,Saudi Arabia,Abdulelah Saad Hameed Al-Malki,97.0,40.0,23.0,18.083383083588824,Right Foot,Open Play,Volley,False,0.0391187,0
3857297,Saudi Arabia,Firas Tariq Nasser Al Albirakan,112.9,27.5,14.375673897247388,15.051701376650051,Left Foot,Open Play,Normal,True,0.11089649,0
3857297,Saudi Arabia,Mohammed Kanoo,107.3,49.4,15.800316452527147,21.47919536596976,Right Foot,Open Play,Normal,False,0.07597345,0
3857297,Poland,Arkadiusz Milik,111.0,38.8,9.079647570252934,43.65648071739529,Head,Open Play,Normal,False,0.13519733,0
3857297,Poland,Robert Lewandowski,115.1,44.4,6.585590330410786,50.114954370271285,Other,Open Play,Normal,False,0.25903136,0
3857297,Saudi Arabia,Nawaf Shaker Al Abid,95.1,46.7,25.785654926722344,15.629749583371813,Left Foot,Free Kick,Normal,False,0.0660456,0
3857297,Saudi Arabia,Salem Mohammed Al Dawsari,96.0,34.2,24.690889007891148,16.417307670313896,Right Foot,Open Play,Normal,False,0.03677261,0
3857297,Poland,Robert Lewandowski,107.3,49.0,15.565667348366407,22.104216412211358,Right Foot,Open Play,Normal,False,0.09536816,0
3857297,Saudi Arabia,Abdulelah Saad Hameed Al-Malki,103.2,34.7,17.61618573925695,22.49699324029631,Left Foot,Open Play,Normal,False,0.10027991,0
3857297,Poland,Krzysztof Piątek,107.4,41.4,12.677539193392377,32.04850121653498,Head,Open Play,Normal,True,0.02819521,0
3857297,Poland,Robert Lewandowski,107.2,44.6,13.60147050873544,28.634539649458468,Left Foot,Open Play,Normal,False,0.47824246,1
3857297,Saudi Arabia,Abdulrahman Al-Obood,118.0,48.2,8.44037913840368,14.202901236263436,Head,Open Play,Normal,True,0.041744728,0
3857297,Poland,Robert Lewandowski,109.9,48.1,12.94681427996864,25.61209937599927,Right Foot,Open Play,Lob,False,0.4181081,0
3857297,Saudi Arabia,Mohammed Kanoo,95.3,32.9,25.700194551792798,15.610612185104864,Right Foot,Open Play,Normal,False,0.046656966,0
3857298,Portugal,Otávio Edmilson da Silva Monteiro,96.6,34.3,24.084227203711567,16.818989895975974,Right Foot,Open Play,Volley,False,0.02513017,0
3857298,Portugal,Rúben Diogo Da Silva Neves,98.1,36.6,22.162355470481927,18.548186159261814,Right Foot,Open Play,Normal,False,0.07171052,0
3857298,Portugal,Cristiano Ronaldo dos Santos Aveiro,107.7,39.2,12.325988804148734,33.020564565229655,Right Foot,Open Play,Normal,False,0.4577736,0
3857298,Portugal,Cristiano Ronaldo dos Santos Aveiro,116.3,43.7,5.232590180780456,62.69113851286072,Head,Open Play,Normal,True,0.2074416,0
3857298,Portugal,João Félix Sequeira,104.2,35.6,16.401219466856723,24.345823217939277,Left Foot,Open Play,Normal,False,0.07848694,0
3857298,Portugal,Otávio Edmilson da Silva Monteiro,99.9,32.5,21.453671014537342,18.22434888842529,Right Foot,Open Play,Normal,False,0.045895047,0
3857298,Portugal,Cristiano Ronaldo dos Santos Aveiro,110.0,25.1,17.944637081869335,13.34336009774819,Left Foot,Open Play,Normal,False,0.030432492,0
3857298,Ghana,Alidu Seidu,88.8,44.2,31.481423093627775,13.148340499024313,Left Foot,Open Play,Half Volley,False,0.015372672,0
3857298,Ghana,Mohammed Kudus,92.9,31.0,28.55538478115817,13.89283063643554,Left Foot,Open Play,Normal,False,0.030134441,0
3857298,Ghana,Iñaki Williams Arthuer,91.1,47.3,29.807717121577767,13.589977210306152,Right Foot,Open Play,Normal,False,0.020453067,0
3857298,Ghana,Thomas Teye Partey,92.4,52.5,30.298679839227315,12.589547051041649,Right Foot,Open Play,Normal,True,0.021057075,0
3857298,Ghana,Mohammed Kudus,90.8,34.5,29.713464961192262,13.810918037948671,Left Foot,Open Play,Half Volley,False,0.02159481,0
3857298,Ghana,André Ayew Pelé,115.6,39.8,4.404543109109054,79.43981684440656,Right Foot,Open Play,Half Volley,False,0.48524466,1
3857298,Portugal,João Félix Sequeira,107.5,52.6,17.748521065147937,16.876091053441005,Right Foot,Open Play,Normal,False,0.21504128,1
3857298,Portugal,Rafael Alexandre Conceição Leão,111.7,28.3,14.345033983926282,17.526389360933322,Right Foot,Open Play,Normal,False,0.15539157,1
3857298,Ghana,Osman Bukari,113.5,40.2,6.503076195155644,58.730511845777144,Head,Open Play,Normal,False,0.15547352,1
3857298,Ghana,Mohamed Salisu,106.9,30.6,16.12358520925169,21.25090021867033,Head,Open Play,Normal,True,0.02431712,0
3857298,Portugal,Rafael Alexandre Conceição Leão,95.5,29.9,26.500188678573593,14.592542924616385,Right Foot,Open Play,Normal,False,0.026070174,0
3857298,Ghana,Osman Bukari,103.3,12.6,32.08815981012311,6.859083743722624,Right Foot,Open Play,Normal,False,0.0063759447,0
3857299,South Korea,Gue-Sung Cho,111.9,44.7,9.364827814754522,38.58849566452125,Left Foot,Open Play,Normal,True,0.09163986,0
3857299,South Korea,Woo-Yeong Jeong,96.7,49.1,25.013996082193664,15.565057711322622,Right Foot,Open Play,Normal,False,0.03008143,0
3857299,South Korea,Min Jae Kim,114.5,47.9,9.626006440887103,26.926940901695232,Head,Open Play,Normal,False,0.059008703,0
3857299,South Korea,In-Beom Hwang,95.7,54.9,28.504385627478445,12.549115595464022,Right Foot,Open Play,Normal,False,0.019586006,0
3857299,South Korea,Gue-Sung Cho,115.4,30.4,10.64518670573701,18.622517423361046,Head,Open Play,Normal,False,0.055939306,0
3857299,Ghana,Mohamed Salisu,115.5,37.9,4.965883607174055,71.12099388742644,Left Foot,Open Play,Half Volley,False,0.4040968,1
3857299,Ghana,Mohammed Kudus,113.1,41.8,7.130918594402832,53.441075798190624,Head,Open Play,Normal,False,0.20083603,1
3857299,South Korea,Woo-Young Jung,100.6,20.0,27.8632374285545,10.543621072966992,Right Foot,Open Play,Normal,False,0.010946972,0
3857299,Ghana,Thomas Teye Partey,118.3,36.2,4.162931659299728,72.45468983939459,Head,Open Play,Normal,True,0.21468838,0
3857299,Ghana,Tariq Lamptey,104.8,52.1,19.428072472584617,16.994444196109974,Left Foot,Open Play,Normal,False,0.07450179,0
3857299,South Korea,Gue-Sung Cho,111.6,36.7,9.024965373894798,42.09820663167183,Head,Open Play,Normal,False,0.07677545,0
3857299,South Korea,Gue-Sung Cho,112.6,38.4,7.570997292299086,50.961679184663964,Head,Open Play,Normal,False,0.23484395,1
3857299,South Korea,Gue-Sung Cho,115.5,43.7,5.825804665451805,58.04855811743185,Head,Open Play,Normal,True,0.16237147,1
3857299,Ghana,Iñaki Williams Arthuer,109.2,32.5,13.148764200486672,26.366065115325366,Right Foot,Open Play,Normal,False,0.10557394,0
3857299,Ghana,Mohammed Kudus,108.4,48.6,14.440221604947753,23.517159761805864,Left Foot,Open Play,Normal,False,0.15416233,1
3857299,South Korea,Kang-In Lee,90.9,45.4,29.596790366524537,13.871606377594384,Left Foot,Free Kick,Normal,False,0.034794893,0
3857299,South Korea,Heung-Min Son,110.9,29.2,14.122676800097066,19.698602503068,Right Foot,Open Play,Normal,False,0.065267496,0
3857299,South Korea,Kang-In Lee,114.2,56.1,17.11286066091815,8.63858040177514,Left Foot,Open Play,Normal,False,0.011154885,0
3857299,South Korea,Jin-Su Kim,112.0,30.1,12.7283148923964,21.506418012155425,Left Foot,Open Play,Volley,False,0.19109753,0
3857299,Ghana,Salis Abdul Samed,96.1,40.1,23.900209204105312,17.412759053331037,Right Foot,Open Play,Volley,False,0.026676558,0
3857299,South Korea,Jin-Su Kim,107.7,23.5,20.580087463370994,12.381330333741102,Left Foot,Open Play,Normal,False,0.03964235,0
3857299,South Korea,Jin-Su Kim,112.0,33.2,10.499523798725347,31.160569940984463,Head,Open Play,Normal,True,0.054534186,0
3857299,South Korea,Heung-Min Son,109.6,28.5,15.505160431288678,18.53858749015725,Right Foot,Open Play,Normal,False,0.060233038,0
3857299,South Korea,Young-Gwon Kim,103.6,37.6,16.574679484080534,24.673248244899575,Left Foot,Open Play,Normal,False,0.064945966,0
3857299,South Korea,Sang-Ho Na,113.0,49.3,11.6400171821179,22.766588024497743,Head,Open Play,Normal,True,0.05996953,0
3857299,South Korea,Gue-Sung Cho,111.6,23.1,18.87246671741667,10.169744151000138,Left Foot,Open Play,Normal,False,0.014336902,0
3857299,South Korea,Kang-In Lee,98.5,56.8,27.285344051340086,12.148464121022322,Left Foot,Open Play,Normal,False,0.025138553,0
3857299,South Korea,Kyung-Won Kwon,83.8,54.1,38.84906691286163,10.045481806276058,Left Foot,Open Play,Normal,False,0.005484339,0
3857300,Argentina,Lionel Andrés Messi Cuccittini,104.5,44.5,16.140012391568973,24.66260712516336,Left Foot,Open Play,Normal,False,0.15308252,0
3857300,Argentina,Alejandro Darío Gómez,98.4,20.2,29.30187707297947,10.595827618558342,Right Foot,Open Play,Normal,False,0.011924569,0
3857300,Argentina,Lautaro Javier Martínez,113.2,33.8,9.202173656261872,34.92557224928933,Head,Open Play,Normal,False,0.0877444,0
3857300,Argentina,Rodrigo Javier De Paul,101.1,41.8,18.98552079875609,21.733952061681244,Right Foot,Open Play,Half Volley,False,0.050540753,0
3857300,Saudi Arabia,Saleh Khalid Al Shehri,108.0,29.6,15.879546593023365,20.198268088213542,Left Foot,Open Play,Normal,False,0.080592275,1
3857300,Saudi Arabia,Nawaf Shaker Al Abid,104.9,54.1,20.659622455408034,14.968350064989425,Left Foot,Open Play,Normal,False,0.040064447,0
3857300,Saudi Arabia,Salem Mohammed Al Dawsari,102.4,25.3,22.931419493786244,14.111815536298726,Right Foot,Open Play,Normal,False,0.03280492,1
3857300,Argentina,Lisandro Martínez,111.1,39.9,8.900561780022658,44.70410162203721,Right Foot,Open Play,Normal,False,0.33156127,0
3857300,Argentina,Nicolás Alejandro Tagliafico,116.1,37.2,4.801041553663125,71.31542414102294,Other,Open Play,Normal,False,0.63619345,0
3857300,Argentina,Lautaro Javier Martínez,116.5,31.1,9.563472172804184,18.169348220060918,Head,Open Play,Normal,True,0.077176735,0
3857300,Argentina,Ángel Fabián Di María Hernández,111.4,54.4,16.772596698186,13.222477165238233,Right Foot,Open Play,Normal,False,0.0639515,0
3857300,Argentina,Ángel Fabián Di María Hernández,86.7,57.3,37.52572450999447,9.913041233710905,Left Foot,Open Play,Half Volley,False,0.015201165,0
3857300,Argentina,Enzo Fernandez,108.2,39.6,11.80677771451635,34.43063246764894,Head,Open Play,Normal,False,0.036932193,0
3857300,Argentina,Lionel Andrés Messi Cuccittini,92.8,47.1,28.111385593741197,14.375205126272276,Left Foot,Free Kick,Normal,False,0.056788407,0
3857300,Argentina,Lionel Andrés Messi Cuccittini,113.6,32.2,10.089598604503552,27.920385753535555,Head,Open Play,Normal,False,0.077553175,0
3857300,Argentina,Nicolás Hernán Otamendi,109.5,37.8,10.72800074571213,37.08176313187046,Head,Open Play,Normal,True,0.048093256,0
3857300,Argentina,Julián Álvarez,112.5,33.2,10.123734488813897,31.641389891439722,Head,Open Play,Normal,True,0.061390053,0
3857301,Senegal,Ismaïla Sarr,113.5,52.4,14.000357138301863,14.603676101480909,Right Foot,Open Play,Normal,True,0.07323868,0
3857301,Senegal,Nampalys Mendy,93.8,39.3,26.209349476856538,15.893915999162832,Right Foot,Open Play,Half Volley,False,0.025409508,0
3857301,Qatar,Akram Hassan Afif,92.5,41.5,27.54087870784082,15.118305207145726,Right Foot,Open Play,Half Volley,False,0.019990891,0
3857301,Senegal,Krépin Diatta,111.2,26.7,15.947727110782902,14.968449406701984,Left Foot,Open Play,Normal,True,0.039485876,0
3857301,Senegal,Famara Diedhiou,112.9,38.6,7.2367119605522445,53.13334806225321,Head,Open Play,Normal,False,0.14633009,0
3857301,Senegal,Idrissa Gana Gueye,95.4,52.7,27.684833393033085,13.448166965087681,Right Foot,Open Play,Normal,False,0.029332913,0
3857301,Qatar,Abdelkarim Hassan Al Haj Fadlalla,93.6,20.3,32.940097146183405,10.222108873291077,Left Foot,Open Play,Normal,False,0.009041326,0
3857301,Senegal,Boulaye Dia,107.2,33.3,14.447491131680959,25.625624489284732,Right Foot,Open Play,Normal,False,0.23054633,1
3857301,Senegal,Famara Diedhiou,112.5,48.1,11.039021695784461,26.84656523050647,Head,Open Play,Normal,False,0.038498666,1
3857301,Qatar,Abdelkarim Hassan Al Haj Fadlalla,111.6,39.3,8.429116205154612,46.84294880686614,Right Foot,Open Play,Half Volley,False,0.16305494,0
3857301,Senegal,Ismaïla Sarr,112.1,27.2,15.041608956491327,15.19918266677675,Left Foot,Open Play,Half Volley,False,0.030363984,0
3857301,Senegal,Famara Diedhiou,108.8,48.6,14.120906486483086,23.786146885125156,Right Foot,Open Play,Half Volley,True,0.05329144,0
3857301,Qatar,Abdelkarim Hassan Al Haj Fadlalla,89.5,22.9,34.9665554494577,10.46042170146005,Right Foot,Open Play,Normal,False,0.006098259,0
3857301,Qatar,Almoez Ali Zainalabiddin Abdulla,102.6,34.4,18.278949641595936,21.65931401968879,Left Foot,Open Play,Normal,False,0.21404111,0
3857301,Qatar,Ismaeel Mohammad Mohammad,113.2,40.5,6.818357573492311,56.38139371299167,Other,Open Play,Normal,False,0.3277431,0
3857301,Senegal,Nampalys Mendy,107.3,53.4,18.46212338816963,15.84919509836883,Right Foot,Open Play,Normal,False,0.067961,0
3857301,Qatar,Mohammed Muntari,110.1,38.7,9.984988733093298,40.019477299950836,Head,Open Play,Normal,True,0.072239615,1
3857301,Senegal,Boulaye Dia,107.1,38.8,12.955693729013516,31.44015191902792,Head,Open Play,Normal,True,0.052429575,0
3857301,Senegal,Cheikh Ahmadou Bamba Mbacke Dieng,107.8,45.3,13.301503674397118,28.638377431251154,Right Foot,Open Play,Normal,False,0.11607656,1
3857301,Qatar,Abdelkarim Hassan Al Haj Fadlalla,95.4,52.1,27.41477703721115,13.709119476647535,Left Foot,Open Play,Normal,False,0.023370314,0
3857301,Qatar,Mohammed Muntari,110.5,39.5,9.513148795220223,42.04711262203582,Head,Open Play,Normal,True,0.06740542,0
3857301,Qatar,Almoez Ali Zainalabiddin Abdulla,97.1,41.8,22.970633426181358,18.05406149458372,Left Foot,Open Play,Normal,False,0.057101198,0
3869117,United States,Christian Pulisic,107.1,34.9,13.871553626036276,27.809801317709397,Left Foot,Open Play,Half Volley,False,0.3196895,0
3869117,Netherlands,Memphis Depay,104.9,43.7,15.546703830716009,25.833624648408897,Right Foot,Open Play,Normal,False,0.16183718,1
3869117,Netherlands,Daley Blind,103.6,30.6,18.902909828912588,19.24171744879797,Left Foot,Open Play,Normal,False,0.07337185,0
3869117,Netherlands,Memphis Depay,106.1,62.1,26.107853224652544,8.65771052558124,Right Foot,Open Play,Half Volley,False,0.008920797,0
3869117,United States,Timothy Weah,97.5,53.3,26.136947029062135,13.8157315388599,Right Foot,Open Play,Half Volley,False,0.028368456,0
3869117,United States,Sergino Dest,105.2,46.2,16.04618334682737,23.93387271409692,Right Foot,Open Play,Normal,False,0.07418261,0
3869117,Netherlands,Daley Blind,107.6,38.5,12.49039631076613,32.475018708480604,Right Foot,Open Play,Normal,False,0.2502288,1
3869117,United States,Weston McKennie,109.1,36.5,11.44814395437095,34.14111911739257,Head,Open Play,Normal,True,0.03899759,0
3869117,United States,Tim Ream,116.5,37.1,4.545327270945403,74.16962769972439,Left Foot,Open Play,Half Volley,False,0.2582279,0
3869117,United States,Weston McKennie,108.4,37.0,11.981652640600121,33.118189321377315,Head,Open Play,Normal,True,0.06857926,0
3869117,United States,Sergino Dest,100.9,57.3,25.770137756713673,12.126352042801372,Left Foot,Open Play,Normal,False,0.01609117,0
3869117,United States,Christian Pulisic,98.4,27.3,25.0569351677335,14.430344700370837,Right Foot,Open Play,Normal,False,0.040512722,0
3869117,United States,Weston McKennie,102.1,35.0,18.585209172888,21.536449455342026,Left Foot,Open Play,Half Volley,False,0.053084504,0
3869117,Netherlands,Cody Mathès Gakpo,100.0,50.7,22.68237200999931,16.286278523326214,Left Foot,Open Play,Normal,False,0.053106464,0
3869117,Netherlands,Memphis Depay,98.6,47.0,22.515772249692,17.608453184986995,Right Foot,Open Play,Normal,False,0.046333984,0
3869117,United States,Timothy Weah,99.1,51.0,23.618001608942283,15.696099793106008,Left Foot,Open Play,Normal,False,0.04334448,0
3869117,Netherlands,Virgil van Dijk,111.8,41.3,8.302409288875129,47.224899469564505,Head,Open Play,Normal,True,0.08036702,0
3869117,Netherlands,Teun Koopmeiners,94.5,37.8,25.59472601924076,16.218980717532524,Left Foot,Open Play,Normal,False,0.04472613,0
3869117,Netherlands,Memphis Depay,113.1,34.4,8.886506625215564,37.604888640679846,Head,Open Play,Diving Header,False,0.27671057,0
3869117,United States,Giovanni Reyna,98.9,49.9,23.30708046924796,16.25221973139107,Left Foot,Open Play,Normal,False,0.042619057,0
3869117,United States,Haji Wright,115.2,55.6,16.321764610482532,7.906385086211235,Right Foot,Open Play,Normal,False,0.046546377,0
3869117,United States,Haji Wright,115.1,45.2,7.1449282711585065,43.60813784833745,Right Foot,Open Play,Normal,False,0.3636808,1
3869117,Netherlands,Steven Bergwijn,109.5,32.8,12.731457104353769,27.33440130858495,Right Foot,Open Play,Normal,False,0.25042096,0
3869117,United States,Christian Pulisic,99.5,25.3,25.22578046364473,13.543845952433132,Left Foot,Open Play,Normal,False,0.031073315,0
3869117,Netherlands,Denzel Dumfries,113.5,44.3,7.7935871073594845,45.14220640778101,Left Foot,Open Play,Volley,False,0.23592436,1
3869117,United States,Walker Zimmerman,107.2,43.0,13.146862743635834,30.440223352413188,Right Foot,Open Play,Volley,False,0.05674074,0
3869117,United States,Giovanni Reyna,103.1,51.4,20.385534086699817,17.097787381337515,Left Foot,Open Play,Normal,False,0.043403003,0
3869117,United States,Yunus Dimoara Musah,103.9,44.2,16.638810053606594,24.100571148541015,Right Foot,Open Play,Half Volley,False,0.054460905,0
3869117,United States,Haji Wright,111.3,40.2,8.702298546935749,45.613588396084886,Head,Open Play,Normal,True,0.072495155,0
3869118,England,John Stones,113.5,45.4,8.450443775329198,39.356589965486144,Other,Open Play,Normal,False,0.08366814,0
3869118,Senegal,Boulaye Dia,108.6,42.7,11.715374513859988,33.97046877601948,Right Foot,Open Play,Volley,False,0.05336251,0
3869118,Senegal,Ismaïla Sarr,115.7,40.5,4.3289721643826695,80.36349007656435,Right Foot,Open Play,Half Volley,False,0.629174,0
3869118,Senegal,Boulaye Dia,112.8,28.9,13.23064624271997,18.057463209752953,Left Foot,Open Play,Normal,False,0.0358749,0
3869118,England,Jordan Brian Henderson,107.6,38.0,12.56025477448607,32.15931076853024,Left Foot,Open Play,Normal,False,0.13174866,1
3869118,England,Harry Kane,110.0,39.3,10.024470060806207,40.04595539303833,Right Foot,Open Play,Normal,False,0.18422936,0
3869118,England,Harry Kane,104.3,50.7,18.999473676920637,18.295757748497383,Right Foot,Open Play,Normal,True,0.20664306,1
3869118,Senegal,Pape Matar Sarr,92.8,35.2,27.620282402611313,14.877267706716863,Left Foot,Open Play,Half Volley,False,0.018660808,0
3869118,England,Bukayo Saka,107.7,53.4,18.18928255869373,15.834327385643489,Right Foot,Open Play,Normal,False,0.03518777,0
3869118,England,Harry Kane,90.5,27.1,32.19720484762614,11.916316962648876,Right Foot,Open Play,Normal,False,0.015214441,0
3869118,England,Bukayo Saka,111.0,35.9,9.889893831583835,37.96974367895734,Left Foot,Open Play,Normal,True,0.21738943,1
3869118,Senegal,Pape Matar Sarr,89.0,36.2,31.232034836046147,13.271926581514728,Right Foot,Open Play,Normal,False,0.013223637,0
3869118,Senegal,Pape Matar Sarr,87.8,49.9,33.68753478662397,11.869495628773702,Right Foot,Free Kick,Normal,False,0.021199826,0
3869118,Senegal,Ismaïla Sarr,111.6,39.3,8.429116205154612,46.84294880686614,Head,Open Play,Normal,False,0.107544675,0
3869118,Senegal,Pape Gueye,96.7,52.4,26.394128134871206,14.01591074113353,Left Foot,Open Play,Normal,False,0.027956013,0
3869118,Senegal,Pape Matar Sarr,93.1,38.3,26.953663943887115,15.43631271428466,Right Foot,Open Play,Normal,False,0.032847784,0
3869118,England,Marcus Rashford,117.8,45.9,6.296824596572466,31.52424084407501,Right Foot,Open Play,Half Volley,True,0.1459426,0
3869118,Senegal,Cheikh Ahmadou Bamba Mbacke Dieng,94.0,54.7,29.867875719575373,12.221149867810977,Right Foot,Free Kick,Normal,False,0.03296228,0
3869151,Argentina,Alejandro Darío Gómez,98.2,20.1,29.51694428629088,10.537581551193876,Right Foot,Open Play,Normal,False,0.011147299,0
3869151,Australia,Harry Souttar,111.9,44.0,9.033825324855464,40.997190020475145,Head,Open Play,Normal,True,0.06809473,0
3869151,Argentina,Lionel Andrés Messi Cuccittini,104.2,48.9,18.13422179196008,20.134604170193082,Left Foot,Open Play,Normal,False,0.06663833,1
3869151,Argentina,Lionel Andrés Messi Cuccittini,99.8,38.5,20.255616505058544,20.4330036660612,Left Foot,Open Play,Normal,False,0.04517154,0
3869151,Argentina,Julián Álvarez,110.4,50.3,14.080127840328718,20.81419220212552,Right Foot,Open Play,Normal,False,0.28060678,1
3869151,Argentina,Lionel Andrés Messi Cuccittini,95.4,33.6,25.418890613085374,15.88623879862249,Left Foot,Open Play,Normal,False,0.032841697,0
3869151,Argentina,Nicolás Alejandro Tagliafico,103.2,24.9,22.588713996153032,13.90184365422661,Left Foot,Open Play,Normal,False,0.05181273,0
3869151,Australia,Craig Goodwin,98.2,22.6,27.892651361962702,11.788641868502935,Left Foot,Open Play,Half Volley,False,0.013616442,0
3869151,Australia,Aziz Eraltay Behich,110.6,33.2,11.601724009818543,29.58367113808819,Right Foot,Open Play,Normal,False,0.07721693,0
3869151,Australia,Ajdin Hrustic,100.0,52.7,23.69155967850154,14.960197774856942,Left Foot,Open Play,Normal,True,0.033247408,0
3869151,Argentina,Lautaro Javier Martínez,108.3,52.3,16.97586522095413,17.31105967125018,Right Foot,Open Play,Normal,False,0.051439364,0
3869151,Argentina,Lautaro Javier Martínez,107.6,31.9,14.811144452742338,23.78194198710002,Right Foot,Open Play,Normal,False,0.24890411,0
3869151,Argentina,Lautaro Javier Martínez,109.1,31.8,13.64001466274872,24.802862343725053,Left Foot,Open Play,Normal,False,0.37209997,0
3869151,Argentina,Lionel Andrés Messi Cuccittini,104.6,52.2,19.646882704388506,16.83270296330938,Left Foot,Open Play,Normal,False,0.055600196,0
3869151,Argentina,Exequiel Alejandro Palacios,103.6,50.1,19.260581507316964,18.558381554425065,Right Foot,Open Play,Normal,False,0.046685893,0
3869151,Argentina,Lionel Andrés Messi Cuccittini,102.2,40.0,17.799999999999997,23.23820321069748,Left Foot,Open Play,Normal,True,0.032042325,0
3869151,Argentina,Lautaro Javier Martínez,108.3,30.8,14.88388390172404,22.36638780758109,Left Foot,Open Play,Normal,False,0.076142184,0
3869151,Argentina,Lionel Andrés Messi Cuccittini,106.4,37.0,13.926952286842942,28.869614188294324,Left Foot,Open Play,Half Volley,False,0.110446885,0
3869151,Australia,Garang Kuol,113.1,49.4,11.66061747936189,22.394596981963968,Right Foot,Open Play,Normal,False,0.23394231,0
3869152,France,Raphaël Varane,114.3,40.0,5.700000000000003,65.40946715400364,Head,Open Play,Normal,True,0.1462742,0
3869152,France,Ousmane Dembélé,116.0,51.8,12.459534501738014,11.663368676510416,Right Foot,Open Play,Normal,False,0.040392082,0
3869152,France,Aurélien Djani Tchouaméni,87.8,30.9,33.46117152760794,12.027864572910397,Right Foot,Open Play,Normal,False,0.017185243,0
3869152,France,Ousmane Dembélé,99.2,46.7,21.8524598157736,18.161710279039358,Left Foot,Open Play,Normal,False,0.07651916,0
3869152,Poland,Robert Lewandowski,92.5,43.3,27.69729228643118,14.952811496600654,Left Foot,Open Play,Normal,False,0.03323787,0
3869152,France,Jules Koundé,94.5,56.1,30.157254516948324,11.76705818395929,Right Foot,Open Play,Normal,False,0.01624438,0
3869152,Poland,Przemysław Frankowski,109.5,24.7,18.55640051303054,13.074840941879277,Right Foot,Open Play,Normal,False,0.043646414,0
3869152,Poland,Robert Lewandowski,94.8,26.6,28.54119829299394,12.96546392996904,Right Foot,Free Kick,Normal,False,0.042642463,0
3869152,Poland,Matty Cash,99.1,56.2,26.44333564435471,12.574646688865302,Right Foot,Open Play,Normal,False,0.023505978,0
3869152,France,Kylian Mbappé Lottin,111.5,24.9,17.328012003689288,12.237722153503368,Left Foot,Open Play,Normal,False,0.047962468,0
3869152,France,Olivier Giroud,105.2,44.5,15.469001260585634,25.62176700930464,Left Foot,Open Play,Half Volley,False,0.046657436,0
3869152,Poland,Piotr Zieliński,106.6,41.6,13.495184326269877,30.17159587674432,Right Foot,Open Play,Normal,False,0.13905574,0
3869152,Poland,Piotr Zieliński,111.4,43.9,9.442986815621415,39.71918884501874,Left Foot,Open Play,Half Volley,False,0.2098723,0
3869152,Poland,Jakub Kamiński,114.1,50.5,12.044085685513869,18.160306429364173,Right Foot,Open Play,Half Volley,False,0.07224382,0
3869152,France,Olivier Giroud,105.6,32.3,16.3294213002176,22.5977570015794,Left Foot,Open Play,Normal,False,0.28635955,1
3869152,Poland,Jakub Kamiński,108.8,51.7,16.196604582442585,18.22877021007781,Right Foot,Open Play,Half Volley,False,0.03898995,0
3869152,France,Antoine Griezmann,106.9,63.2,26.64301034042512,7.839533860245522,Left Foot,Free Kick,Normal,False,0.008752431,0
3869152,France,Theo Bernard François Hernández,98.0,38.5,22.051077071199945,18.807300103195814,Right Foot,Open Play,Volley,False,0.032634486,0
3869152,France,Kylian Mbappé Lottin,102.0,26.7,22.380571931923456,15.124528316476196,Right Foot,Open Play,Normal,False,0.02943752,0
3869152,France,Kylian Mbappé Lottin,110.2,26.3,16.84428686528462,14.861510967363145,Right Foot,Open Play,Normal,False,0.054253228,0
3869152,France,Olivier Giroud,115.8,46.8,7.992496481075233,31.34058720957156,Left Foot,Open Play,Volley,True,0.12365263,0
3869152,Poland,Kamil Glik,114.0,32.0,10.0,26.89109682829151,Head,Open Play,Normal,True,0.041239407,0
3869152,France,Kylian Mbappé Lottin,104.8,28.6,19.0,17.749245612181483,Right Foot,Open Play,Normal,False,0.08738103,1
3869152,France,Theo Bernard François Hernández,105.0,33.4,16.387800340497197,23.28273238338038,Right Foot,Open Play,Normal,False,0.069959894,0
3869152,France,Kylian Mbappé Lottin,106.2,25.2,20.23561217260303,14.307518282835355,Right Foot,Open Play,Normal,False,0.042708755,1
3869152,Poland,Robert Lewandowski,105.6,48.7,16.82408987137195,21.350545936466425,Right Foot,Open Play,Half Volley,True,0.061160102,0
3869152,Poland,Robert Lewandowski,113.0,40.0,7.0,55.206279386696224,Head,Open Play,Normal,True,0.10443308,0
3869219,Japan,Shogo Taniguchi,112.6,38.8,7.496665925596531,51.68365829181754,Head,Open Play,Normal,True,0.11361285,0
3869219,Croatia,Ivan Perišić,116.7,29.0,11.484337159801605,11.52230465616293,Right Foot,Open Play,Normal,False,0.05943511,0
3869219,Croatia,Andrej Kramarić,114.5,38.3,5.756735185849703,63.875639973606965,Left Foot,Open Play,Half Volley,True,0.17775308,0
3869219,Croatia,Joško Gvardiol,101.1,43.6,19.239802493788762,21.195020596619077,Left Foot,Open Play,Normal,False,0.061746918,0
3869219,Japan,Daichi Kamada,114.1,28.8,12.658988901172165,16.38793497523275,Right Foot,Open Play,Normal,False,0.08994952,0
3869219,Japan,Daizen Maeda,113.5,44.3,7.7935871073594845,45.14220640778101,Left Foot,Open Play,Half Volley,True,0.45874894,1
3869219,Japan,Daichi Kamada,94.7,38.3,25.357050301641944,16.391560408134083,Right Foot,Open Play,Normal,False,0.03904812,0
3869219,Croatia,Mateo Kovačić,100.1,47.1,21.12865353021816,18.59277204237938,Right Foot,Open Play,Volley,False,0.02993381,0
3869219,Japan,Hidemasa Morita,98.2,36.8,22.033610689126736,18.676502911114582,Right Foot,Open Play,Half Volley,False,0.041140273,0
3869219,Croatia,Ivan Perišić,106.0,34.1,15.192432326655268,25.237217350079234,Head,Open Play,Normal,False,0.02684295,1
3869219,Japan,Wataru Endo,94.4,52.9,28.666531007430944,13.051404116491206,Right Foot,Open Play,Normal,False,0.019910807,0
3869219,Japan,Wataru Endo,90.0,41.9,30.060106453570654,13.857187616640962,Right Foot,Open Play,Normal,True,0.020528734,0
3869219,Japan,Hidemasa Morita,97.8,36.3,22.506221362103418,18.238751052660273,Right Foot,Open Play,Normal,False,0.052081473,0
3869219,Japan,Ritsu Doan,100.4,43.7,19.94617757867406,20.464739448489897,Left Foot,Open Play,Normal,False,0.056113943,0
3869219,Croatia,Luka Modrić,96.3,48.9,25.316002844051035,15.454343257308356,Right Foot,Open Play,Half Volley,False,0.031055314,0
3869219,Croatia,Ivan Perišić,95.5,48.2,25.83582783655287,15.332595182744337,Left Foot,Open Play,Normal,False,0.018378427,0
3869219,Croatia,Andrej Kramarić,98.9,23.8,26.601691675530706,12.54243176590241,Right Foot,Open Play,Normal,False,0.018472007,0
3869219,Croatia,Ante Budimir,109.5,45.1,11.673045875006233,32.0287672687589,Head,Open Play,Normal,False,0.10111922,0
3869219,Croatia,Mario Pašalić,107.5,44.5,13.285330255586423,29.29200604773707,Head,Open Play,Normal,False,0.035465226,0
3869219,Croatia,Ivan Perišić,98.1,30.4,23.911712611187017,16.01865015099809,Left Foot,Open Play,Normal,False,0.030077945,0
3869219,Croatia,Mario Pašalić,110.5,42.8,9.904039579888602,39.388378657195595,Head,Open Play,Normal,True,0.052599985,0
3869219,Japan,Shogo Taniguchi,114.6,49.3,10.754068997360953,21.134770785191222,Head,Open Play,Normal,False,0.0608747,0
3869219,Croatia,Ivan Perišić,107.2,34.1,14.094325099131208,26.828888588087253,Right Foot,Open Play,Half Volley,False,0.07439702,0
3869219,Croatia,Borna Barišić,95.1,31.3,26.376125568399925,14.956514434535048,Left Foot,Open Play,Volley,False,0.015196718,0
3869219,Japan,Kaoru Mitoma,99.8,34.6,20.909328061896204,19.233716333625697,Right Foot,Open Play,Normal,False,0.054134306,0
3869219,Japan,Wataru Endo,95.7,37.1,24.4724334711528,16.898760282966883,Right Foot,Open Play,Volley,False,0.02615668,0
3869219,Japan,Takumi Minamino,102.6,40.3,17.402586014727817,23.750831795579273,Right Foot,Open Play,Volley,False,0.03667642,0
3869219,Croatia,Marko Livaja,112.8,47.7,10.541821474489126,28.3360948091933,Head,Open Play,Normal,True,0.047236525,0
3869219,Croatia,Mislav Oršić,106.8,19.7,24.214252001662164,9.572717064388996,Right Foot,Open Play,Normal,False,0.009676031,0
3869219,Croatia,Lovro Majer,99.8,33.0,21.378493866500513,18.432918592647532,Right Foot,Open Play,Normal,False,0.06501122,0
3869220,Morocco,Achraf Hakimi Mouh,93.4,27.5,29.39064477006246,12.896229507574928,Right Foot,Free Kick,Normal,False,0.041958537,0
3869220,Spain,Marco Asensio Willemsen,115.0,25.0,15.811388300841896,8.793308052846571,Left Foot,Open Play,Half Volley,False,0.025564773,0
3869220,Morocco,Noussair Mazraoui,89.4,37.7,30.686316168611697,13.566386094963073,Left Foot,Open Play,Normal,False,0.023416335,0
3869220,Morocco,Nayef Aguerd,113.2,43.7,7.741446893184761,46.92772443836557,Head,Open Play,Normal,False,0.25141555,0
3869220,Spain,Daniel Olmo Carvajal,110.2,12.6,29.099828178186893,4.919657375408952,Right Foot,Open Play,Normal,False,0.0073576192,0
3869220,Spain,Daniel Olmo Carvajal,97.2,31.3,24.403483357914293,15.997421372167043,Right Foot,Open Play,Half Volley,False,0.031760626,0
3869220,Spain,Álvaro Borja Morata Martín,118.8,50.9,10.965856099730653,4.699450971441562,Right Foot,Open Play,Normal,False,0.017266534,0
3869220,Morocco,Walid Cheddira,110.6,40.8,9.433981132056608,42.305508924006276,Right Foot,Open Play,Half Volley,False,0.119254045,0
3869220,Spain,Álvaro Borja Morata Martín,115.3,51.1,12.054044964243333,14.618497440000967,Head,Open Play,Normal,False,0.049165204,0
3869220,Spain,Aymeric Laporte,107.7,38.8,12.358397954427586,32.86999638058529,Head,Open Play,Normal,False,0.04145577,0
3869220,Spain,Alejandro Balde Martínez,112.5,28.9,13.396268137059666,18.293608804648393,Left Foot,Open Play,Normal,False,0.077706024,0
3869220,Spain,Rodrigo Hernández Cascante,79.9,46.8,40.672472263190485,10.142344413750813,Right Foot,Open Play,Normal,False,0.0056476467,0
3869220,Morocco,Walid Cheddira,109.7,47.1,12.509996003196802,27.782957279910217,Left Foot,Open Play,Normal,True,0.1301347,0
3869220,Spain,Marcos Llorente Moreno,100.3,53.3,23.769307941124413,14.651254352122725,Right Foot,Open Play,Half Volley,False,0.024551911,0
3869220,Morocco,Abdelhamid Sabiri,59.6,39.7,60.400745028517655,6.935142852194679,Right Foot,Open Play,Lob,False,0.004195439,0
3869220,Spain,Sergio Busquets i Burgos,102.6,47.1,18.792817777012583,20.54903732838281,Left Foot,Open Play,Normal,False,0.0709334,0
3869220,Spain,Carlos Soler Barragán,104.3,44.4,16.30490723677998,24.476298439624248,Head,Open Play,Normal,False,0.039505202,0
3869220,Spain,Pablo Sarabia García,117.8,48.1,8.39344982709732,15.762087755711619,Right Foot,Open Play,Volley,False,0.10407615,0
3869253,Brazil,Neymar da Silva Santos Junior,111.3,44.4,9.749358953285084,37.95142472048133,Right Foot,Open Play,Normal,False,0.083826184,0
3869253,Brazil,Vinícius José Paixão de Oliveira Júnior,110.0,29.9,14.213022197970425,21.21090319556816,Right Foot,Open Play,Normal,False,0.13057186,1
3869253,South Korea,Hee-Chan Hwang,90.4,28.0,31.939943644283403,12.145719225720821,Right Foot,Open Play,Normal,False,0.016991004,0
3869253,South Korea,In-Beom Hwang,91.7,46.4,29.01465147128257,14.03900331940559,Left Foot,Open Play,Normal,False,0.026666574,0
3869253,South Korea,Hee-Chan Hwang,82.7,33.0,37.95115281516492,10.832593421985905,Right Foot,Open Play,Normal,False,0.0058221314,0
3869253,Brazil,Richarlison de Andrade,110.7,43.3,9.868130522039113,39.02750215277126,Left Foot,Open Play,Normal,False,0.5379008,1
3869253,Brazil,Raphael Dias Belloli,94.7,30.7,26.95514793133215,14.55676079983913,Left Foot,Open Play,Normal,False,0.02589997,0
3869253,South Korea,Hee-Chan Hwang,119.3,30.8,9.226592003551474,4.085707599014559,Right Foot,Open Play,Normal,False,0.017834108,0
3869253,Brazil,Carlos Henrique Casimiro,93.6,43.2,26.593232221751464,15.564318945602121,Right Foot,Open Play,Normal,False,0.029429397,0
3869253,Brazil,Lucas Tolentino Coelho de Lima,110.0,44.8,11.092339699089637,33.727578989595,Right Foot,Open Play,Volley,True,0.08633457,1
3869253,Brazil,Lucas Tolentino Coelho de Lima,112.0,49.2,12.191800523302538,23.412317191576598,Left Foot,Open Play,Normal,False,0.2577265,0
3869253,Brazil,Richarlison de Andrade,110.3,51.6,15.121177202850316,18.255700055932934,Right Foot,Open Play,Normal,False,0.2681848,0
3869253,Brazil,Neymar da Silva Santos Junior,111.4,42.3,8.902246907382422,43.709170241371154,Other,Open Play,Normal,True,0.26870713,0
3869253,Brazil,Raphael Dias Belloli,104.3,51.7,19.580091930325562,17.25576110535111,Left Foot,Open Play,Normal,False,0.04634087,0
3869253,South Korea,Heung-Min Son,105.3,27.9,19.039432764659775,17.130800452469284,Right Foot,Open Play,Normal,False,0.1490943,0
3869253,Brazil,Raphael Dias Belloli,110.4,50.6,14.301048912579802,20.187302079642283,Left Foot,Open Play,Normal,False,0.080992505,0
3869253,Brazil,Vinícius José Paixão de Oliveira Júnior,110.4,26.8,16.32176461048253,15.522639310341933,Right Foot,Open Play,Normal,True,0.05640157,0
3869253,Brazil,Raphael Dias Belloli,91.0,34.0,29.614185789921695,13.809911557678062,Left Foot,Free Kick,Normal,False,0.04321825,0
3869253,Brazil,Raphael Dias Belloli,114.6,51.1,12.343824366864594,15.877155857380085,Right Foot,Open Play,Normal,False,0.16284284,0
3869253,South Korea,Hee-Chan Hwang,106.8,51.7,17.638877515306923,17.979846293022764,Right Foot,Open Play,Half Volley,False,0.04724954,0
3869253,South Korea,Seung-Ho Paik,93.7,39.8,26.300760445279902,15.844309169509835,Left Foot,Open Play,Half Volley,False,0.023081098,1
3869253,Brazil,Daniel Alves da Silva,111.1,53.1,15.837297749300546,15.344004157184811,Right Foot,Open Play,Overhead Kick,False,0.027839905,0
3869253,Brazil,Gleison Bremer Silva Nascimento,116.1,41.0,4.026164427839484,84.36969798078485,Head,Open Play,Normal,False,0.34439024,0
3869253,South Korea,Hee-Chan Hwang,112.9,53.6,15.341773039645709,13.177580899437874,Right Foot,Open Play,Half Volley,False,0.058088522,0
3869253,Brazil,Daniel Alves da Silva,88.4,46.1,32.18338080438411,12.748522811612728,Right Foot,Open Play,Normal,False,0.027316706,0
3869254,Switzerland,Breel-Donald Embolo,104.1,27.2,20.41200627082013,16.099291515225552,Left Foot,Open Play,Normal,False,0.06137733,0
3869254,Portugal,Gonçalo Matias Ramos,111.3,27.5,15.229576487873851,16.246161797128178,Left Foot,Open Play,Normal,False,0.10102074,1
3869254,Portugal,Otávio Edmilson da Silva Monteiro,101.4,36.8,18.873261509341724,21.661545625194183,Right Foot,Open Play,Half Volley,False,0.032515083,0
3869254,Portugal,Gonçalo Matias Ramos,100.7,32.2,20.81657993043045,18.59417342123625,Right Foot,Open Play,Normal,False,0.072023906,0
3869254,Switzerland,Xherdan Shaqiri,87.2,46.1,33.36240399012037,12.316540446402595,Left Foot,Free Kick,Normal,False,0.023890225,0
3869254,Portugal,Kléper Laveran Lima Ferreira,114.3,40.0,5.700000000000003,65.40946715400364,Head,Open Play,Normal,True,0.12779379,1
3869254,Switzerland,Remo Freuler,115.9,44.0,5.72800139664787,57.10166016005336,Head,Open Play,Normal,False,0.2948616,0
3869254,Switzerland,Fabian Lukas Schär,99.9,53.7,24.324884377936925,14.274325795736711,Right Foot,Open Play,Volley,False,0.024413843,0
3869254,Portugal,Gonçalo Matias Ramos,107.5,33.4,14.135416513141735,26.143739417836677,Left Foot,Open Play,Normal,False,0.31703457,0
3869254,Portugal,Raphaël Adelino José Guerreiro,96.0,25.0,28.30194339616981,12.574331346722047,Left Foot,Open Play,Normal,False,0.021823613,0
3869254,Portugal,Gonçalo Matias Ramos,114.4,35.1,7.441102068914249,44.32159593074139,Head,Open Play,Normal,True,0.09938955,0
3869254,Portugal,Gonçalo Matias Ramos,115.8,44.4,6.08276253029822,52.48393452539706,Left Foot,Open Play,Normal,False,0.5086819,1
3869254,Portugal,João Félix Sequeira,103.5,26.4,21.382469455140114,15.223837252787485,Left Foot,Open Play,Normal,True,0.043932665,0
3869254,Portugal,Kléper Laveran Lima Ferreira,110.8,35.6,10.19803902718557,36.622505485358445,Head,Open Play,Normal,True,0.05800441,0
3869254,Portugal,Raphaël Adelino José Guerreiro,110.9,32.4,11.85622199522259,27.644857526864037,Left Foot,Open Play,Normal,True,0.35848966,1
3869254,Switzerland,Manuel Obafemi Akanji,118.7,35.4,4.780167361086849,45.186048138851,Right Foot,Open Play,Volley,False,0.6688656,1
3869254,Switzerland,Xherdan Shaqiri,101.7,63.9,30.10149497948565,8.533925422053025,Left Foot,Open Play,Normal,False,0.007870479,0
3869254,Portugal,Gonçalo Matias Ramos,112.6,45.8,9.40212741883453,35.836726967832284,Right Foot,Open Play,Lob,True,0.46699882,1
3869254,Switzerland,Denis Lemi Zakaria Lako Lado,97.5,36.4,22.786180022109892,18.03594900548827,Right Foot,Open Play,Normal,False,0.04188712,0
3869254,Portugal,Cristiano Ronaldo dos Santos Aveiro,88.9,44.9,31.483646548644895,13.105843755183807,Right Foot,Free Kick,Normal,False,0.028790973,0
3869254,Switzerland,Breel-Donald Embolo,102.1,39.2,17.917868176767016,23.068838198096486,Right Foot,Open Play,Overhead Kick,True,0.032889098,0
3869254,Switzerland,Granit Xhaka,113.2,34.5,8.745856161634489,38.270371839661564,Head,Open Play,Normal,True,0.0836758,0
3869254,Switzerland,Noah Okafor,108.4,23.1,20.49804868761902,11.790876205005567,Right Foot,Open Play,Normal,False,0.032096077,0
3869254,Portugal,Rafael Alexandre Conceição Leão,105.0,21.7,23.661994844053197,11.360441456960533,Right Foot,Open Play,Normal,True,0.010257767,1
3869254,Portugal,Rúben Santos Gato Alves Dias,108.0,41.9,12.149485585818027,33.20375335360118,Head,Open Play,Normal,False,0.03750256,0
3869321,Argentina,Rodrigo Javier De Paul,101.6,53.3,22.703523955544878,15.017346923333964,Right Foot,Open Play,Half Volley,False,0.02377054,0
3869321,Argentina,Lionel Andrés Messi Cuccittini,96.6,50.3,25.566579747787934,14.977650422966807,Left Foot,Open Play,Normal,False,0.037832856,0
3869321,Netherlands,Steven Bergwijn,101.6,32.9,19.722322378462437,19.728782563421827,Left Foot,Open Play,Half Volley,False,0.089517,0
3869321,Argentina,Rodrigo Javier De Paul,97.6,42.3,22.517770760001984,18.37397940693353,Right Foot,Open Play,Normal,True,0.049762752,0
3869321,Argentina,Nahuel Molina Lucero,109.1,42.4,11.1610931364271,35.66636860998611,Right Foot,Open Play,Normal,False,0.43442267,1
3869321,Argentina,Lionel Andrés Messi Cuccittini,104.0,32.2,17.799999999999997,21.105020796904952,Right Foot,Open Play,Normal,True,0.03387043,0
3869321,Argentina,Lionel Andrés Messi Cuccittini,96.0,33.3,24.91766441703556,16.1292267994364,Left Foot,Free Kick,Normal,False,0.07608311,0
3869321,Netherlands,Wout Weghorst,108.7,46.4,12.986531484580473,28.047672223551295,Head,Open Play,Normal,False,0.047416847,1
3869321,Netherlands,Steven Berghuis,104.6,53.3,20.34821859524809,15.714462036739624,Left Foot,Open Play,Half Volley,False,0.032538008,0
3869321,Netherlands,Denzel Dumfries,113.5,52.9,14.44506836259351,13.694369179119507,Right Foot,Open Play,Half Volley,False,0.047394842,0
3869321,Netherlands,Steven Berghuis,97.2,37.9,22.896506283710618,18.092201633319313,Left Foot,Free Kick,Normal,False,0.08017064,0
3869321,Netherlands,Wout Weghorst,111.8,39.9,8.200609733428365,48.10108675189895,Left Foot,Open Play,Normal,True,0.21959315,1
3869321,Argentina,Lionel Andrés Messi Cuccittini,101.1,53.3,23.11060362690685,14.879371209626274,Left Foot,Open Play,Normal,True,0.035418287,0
3869321,Netherlands,Luuk de Jong,110.9,28.4,14.743473132203277,18.08550502994361,Left Foot,Open Play,Volley,False,0.05290734,0
3869321,Argentina,Lautaro Javier Martínez,109.5,45.9,12.044085685513865,30.274540310232215,Right Foot,Open Play,Normal,False,0.2245604,0
3869321,Argentina,Enzo Fernandez,94.2,43.8,26.078343505675353,15.816177711330765,Left Foot,Open Play,Normal,False,0.032085553,0
3869321,Argentina,Germán Alejandro Pezzella,112.5,31.3,11.486513831445988,24.84968567975161,Head,Open Play,Normal,True,0.04452438,0
3869321,Argentina,Lautaro Javier Martínez,97.6,38.6,22.44370735863396,18.490305177730654,Left Foot,Open Play,Normal,True,0.08241133,0
3869321,Argentina,Lionel Andrés Messi Cuccittini,96.6,41.6,23.454637068179082,17.699747545539804,Left Foot,Open Play,Normal,True,0.04201436,0
3869321,Argentina,Enzo Fernandez,97.2,49.3,24.62376900476448,15.720564862953054,Right Foot,Open Play,Normal,False,0.038940463,0
3869354,England,Philip Foden,100.2,40.0,19.799999999999997,20.945648038235262,Left Foot,Open Play,Half Volley,False,0.022691524,0
3869354,France,Olivier Giroud,110.3,38.2,9.865596788841517,40.22942965560927,Head,Open Play,Diving Header,False,0.21537142,0
3869354,France,Aurélien Djani Tchouaméni,92.5,43.5,27.721832551258224,14.92708354631667,Right Foot,Open Play,Normal,False,0.027870113,1
3869354,England,Luke Shaw,98.0,53.2,25.656188337319325,14.021934250716836,Left Foot,Free Kick,Normal,False,0.05589417,0
3869354,England,Harry Kane,113.6,52.2,13.776792079435625,14.872824394040084,Right Foot,Open Play,Normal,False,0.07522586,0
3869354,England,Jude Bellingham,117.3,35.7,5.077400909914441,57.92816398746185,Head,Open Play,Normal,True,0.21807538,0
3869354,England,Harry Kane,96.7,57.1,28.901557051480808,11.723245241828014,Right Foot,Open Play,Normal,False,0.018916143,0
3869354,France,Kylian Mbappé Lottin,107.9,32.9,14.029255147726122,25.7749739438659,Left Foot,Open Play,Half Volley,False,0.06798863,0
3869354,England,Jude Bellingham,101.1,48.0,20.523401277566062,18.739122969501068,Right Foot,Open Play,Half Volley,False,0.046397094,0
3869354,England,Harry Maguire,116.2,30.9,9.86154146165801,18.35160336137613,Head,Open Play,Normal,True,0.048588943,0
3869354,England,Jordan Brian Henderson,101.1,56.4,25.02338905903835,12.72253961820959,Right Foot,Open Play,Half Volley,False,0.017202334,0
3869354,France,Adrien Rabiot,95.6,43.2,24.608941464435244,16.78323593171144,Left Foot,Open Play,Half Volley,False,0.06667264,0
3869354,England,Bukayo Saka,103.2,47.6,18.439088914585774,20.63280686284737,Right Foot,Open Play,Normal,True,0.07073746,0
3869354,France,Ousmane Dembélé,99.5,53.8,24.71214276423637,14.102708446402795,Left Foot,Open Play,Normal,False,0.030820057,0
3869354,England,Harry Kane,99.1,53.8,25.044959572736392,13.99445569089553,Left Foot,Open Play,Normal,False,0.029508974,0
3869354,England,Harry Maguire,109.1,35.0,11.992080720208655,31.458445099433312,Head,Open Play,Normal,False,0.07199757,0
3869354,England,Luke Shaw,108.4,21.7,21.666794871415565,10.547036413070389,Left Foot,Open Play,Normal,False,0.006951497,0
3869354,France,Olivier Giroud,112.9,47.0,9.970456358662823,31.1413960719332,Head,Open Play,Normal,True,0.075690374,0
3869354,France,Olivier Giroud,111.3,40.5,8.71435597161374,45.5172567857701,Left Foot,Open Play,Volley,False,0.20829616,0
3869354,France,Olivier Giroud,114.7,36.4,6.407027391856537,54.518129949381645,Head,Open Play,Normal,True,0.14665264,1
3869354,England,Mason Mount,89.5,44.7,30.86000648088072,13.375276678564543,Right Foot,Open Play,Normal,False,0.024138648,0
3869354,England,Marcus Rashford,97.5,34.1,23.2606964642076,17.334720200736506,Right Foot,Free Kick,Normal,False,0.07922588,0
3869420,Brazil,Vinícius José Paixão de Oliveira Júnior,98.8,20.8,28.60209782515961,10.915529965348936,Right Foot,Open Play,Normal,False,0.008460451,0
3869420,Croatia,Ivan Perišić,112.2,43.2,8.430895563343196,44.70628660157789,Right Foot,Open Play,Half Volley,False,0.19016835,0
3869420,Croatia,Andrej Kramarić,99.5,27.0,24.27447218787671,14.60569882190229,Right Foot,Open Play,Normal,False,0.026674595,0
3869420,Brazil,Vinícius José Paixão de Oliveira Júnior,103.0,34.8,17.77751388693031,22.35127018670691,Right Foot,Open Play,Normal,False,0.06970771,0
3869420,Brazil,Neymar da Silva Santos Junior,107.2,24.9,19.79520143873257,13.905421518008058,Right Foot,Open Play,Normal,False,0.025347186,0
3869420,Brazil,Carlos Henrique Casimiro,96.4,49.8,25.55386467836127,15.11448542025934,Right Foot,Open Play,Normal,False,0.030699778,0
3869420,Croatia,Ivan Perišić,100.8,20.7,27.2237029075767,10.930700745097898,Right Foot,Open Play,Normal,False,0.012010745,0
3869420,Brazil,Neymar da Silva Santos Junior,100.9,17.2,29.74306641891518,9.116647648139365,Right Foot,Free Kick,Normal,False,0.008240742,0
3869420,Croatia,Ivan Perišić,111.9,41.4,8.220097323024826,47.582423527250405,Head,Open Play,Normal,True,0.11005159,0
3869420,Brazil,Neymar da Silva Santos Junior,112.6,29.0,13.257450735341244,18.449726328944365,Left Foot,Open Play,Normal,False,0.16692519,0
3869420,Brazil,Carlos Henrique Casimiro,89.1,28.8,32.8671568590896,11.970250476972835,Right Foot,Free Kick,Normal,False,0.026057322,0
3869420,Brazil,Lucas Tolentino Coelho de Lima,111.6,34.5,10.040418317978594,35.122865303106465,Left Foot,Open Play,Half Volley,False,0.26807922,0
3869420,Brazil,Éder Gabriel Militão,101.4,53.7,23.100865784641055,14.66556040569781,Right Foot,Open Play,Normal,False,0.04353941,0
3869420,Croatia,Andrej Kramarić,101.2,57.3,25.54858117391257,12.147508052078715,Left Foot,Open Play,Normal,False,0.030721588,0
3869420,Brazil,Neymar da Silva Santos Junior,114.1,28.2,13.192801067248762,15.046835304649782,Left Foot,Open Play,Normal,False,0.12963046,0
3869420,Brazil,Lucas Tolentino Coelho de Lima,104.6,32.8,17.000000000000007,22.245594579697606,Left Foot,Open Play,Normal,False,0.092192985,0
3869420,Brazil,Richarlison de Andrade,109.4,41.0,10.647065323364926,37.81848304446356,Head,Open Play,Normal,True,0.067200735,0
3869420,Croatia,Nikola Vlašić,107.0,54.2,19.25201288177421,14.915667918648094,Right Foot,Open Play,Normal,False,0.026884926,0
3869420,Brazil,Éder Gabriel Militão,102.5,50.1,20.205444810743465,17.973849103972373,Right Foot,Open Play,Normal,False,0.04975106,0
3869420,Brazil,Éder Gabriel Militão,104.7,46.8,16.743058263053374,22.761155544711347,Left Foot,Open Play,Half Volley,False,0.06132018,0
3869420,Brazil,Antony Matheus dos Santos,94.6,56.8,30.453242848668847,11.498296662593322,Left Foot,Open Play,Normal,False,0.013999131,0
3869420,Brazil,Pedro Guilherme Abreu dos Santos,112.9,49.4,11.780067911519012,22.51568813140388,Head,Open Play,Normal,False,0.057022728,0
3869420,Brazil,Pedro Guilherme Abreu dos Santos,107.2,38.8,12.856126943990555,31.67002968711864,Right Foot,Open Play,Volley,False,0.113875866,0
3869420,Croatia,Marcelo Brozović,103.7,46.4,17.511424842085233,22.139862878963505,Right Foot,Open Play,Normal,False,0.12467693,0
3869420,Brazil,Danilo Luiz da Silva,96.9,22.6,28.92006224059692,11.610662860402424,Right Foot,Open Play,Normal,False,0.0154907415,0
3869420,Brazil,Neymar da Silva Santos Junior,116.5,47.2,8.005623023850177,26.811178886452453,Right Foot,Open Play,Normal,False,0.4674385,1
3869420,Croatia,Bruno Petković,103.2,38.6,16.85823241030921,24.423451737028845,Left Foot,Open Play,Normal,False,0.09977819,1
3869420,Croatia,Lovro Majer,91.5,55.0,32.20636583037583,11.516897415909247,Left Foot,Open Play,Normal,False,0.01192189,0
3869420,Brazil,Carlos Henrique Casimiro,114.0,31.0,10.816653826391969,22.97306986003104,Left Foot,Open Play,Half Volley,False,0.10135116,0
3869486,Portugal,João Félix Sequeira,106.8,44.2,13.852075656738238,28.429263864780218,Head,Open Play,Diving Header,False,0.0989785,0
3869486,Morocco,Youssef En-Nesyri,112.7,39.4,7.324616030891992,53.00855930767895,Head,Open Play,Normal,False,0.117904566,0
3869486,Portugal,Raphaël Adelino José Guerreiro,105.6,23.6,21.824756585125986,12.827555864060347,Left Foot,Open Play,Volley,False,0.019215545,0
3869486,Morocco,Hakim Ziyech,96.1,60.9,31.749330701606926,9.97591236560396,Left Foot,Open Play,Normal,False,0.008206696,0
3869486,Morocco,Youssef En-Nesyri,106.7,39.8,13.301503674397114,30.766365830108942,Head,Open Play,Normal,False,0.043849364,0
3869486,Portugal,João Félix Sequeira,100.9,27.7,22.717834403833475,15.542297073774058,Right Foot,Open Play,Half Volley,False,0.027014187,0
3869486,Morocco,Selim Amallah,108.7,31.3,14.261135999632005,23.527495801789023,Left Foot,Open Play,Half Volley,False,0.06053267,0
3869486,Morocco,Sofiane Boufal,97.0,27.8,26.03536056980967,14.218615399701344,Right Foot,Open Play,Normal,False,0.03503226,0
3869486,Portugal,João Félix Sequeira,102.2,35.4,18.384776310850235,21.87049482515574,Right Foot,Open Play,Half Volley,False,0.060545366,0
3869486,Morocco,Youssef En-Nesyri,112.6,39.7,7.406078584514216,52.57341694217982,Head,Open Play,Normal,True,0.20030825,1
3869486,Portugal,Bruno Miguel Borges Fernandes,108.0,62.3,25.323704310388713,7.963773705415843,Right Foot,Open Play,Half Volley,False,0.0067060287,0
3869486,Morocco,Yahia Attiyat allah,107.6,26.3,18.478365728602736,15.466011678617594,Left Foot,Open Play,Normal,False,0.082217455,0
3869486,Morocco,Azzedine Ounahi,93.4,44.2,26.929537686339877,15.298828087424377,Right Foot,Open Play,Normal,False,0.032880384,0
3869486,Portugal,Gonçalo Matias Ramos,108.7,40.0,11.299999999999997,35.8936353532608,Head,Open Play,Normal,False,0.10594022,0
3869486,Portugal,João Félix Sequeira,109.7,29.4,14.780054127099804,20.18785903491207,Head,Open Play,Normal,True,0.026895314,0
3869486,Portugal,Bruno Miguel Borges Fernandes,101.0,35.5,19.525624189766635,20.710821834838185,Right Foot,Open Play,Normal,True,0.057325892,0
3869486,Portugal,Bernardo Mota Veiga de Carvalho e Silva,109.8,35.9,10.993179703798173,34.7932568804235,Right Foot,Open Play,Normal,False,0.10927713,0
3869486,Portugal,João Félix Sequeira,102.0,57.1,24.8276056034407,12.325539495188277,Left Foot,Open Play,Normal,False,0.025960794,0
3869486,Portugal,Cristiano Ronaldo dos Santos Aveiro,101.8,53.7,22.780035118497956,14.763555300252508,Right Foot,Open Play,Normal,True,0.05699573,0
3869486,Morocco,Zakaria Aboukhlal,101.1,45.9,19.799494943053478,20.072122516909047,Right Foot,Open Play,Lob,False,0.39109123,0
3869486,Portugal,Kléper Laveran Lima Ferreira,114.1,44.5,7.420242583635663,46.028685926197745,Head,Open Play,Normal,True,0.14926605,0
3869519,Croatia,Dejan Lovren,115.0,27.7,13.277424449041312,12.663227844371075,Head,Open Play,Normal,True,0.014029023,0
3869519,Argentina,Enzo Fernandez,93.1,36.9,27.07803537925158,15.298987498285548,Right Foot,Open Play,Normal,False,0.027808638,0
3869519,Croatia,Ivan Perišić,106.9,23.2,21.30375553746334,12.28229201805004,Right Foot,Open Play,Lob,False,0.034139045,0
3869519,Argentina,Julián Álvarez,112.7,37.4,7.7491935064237465,48.87613704188082,Right Foot,Open Play,Volley,False,0.36172354,1
3869519,Argentina,Rodrigo Javier De Paul,95.6,51.4,26.931765630942213,14.083718800168393,Right Foot,Open Play,Normal,False,0.027667157,0
3869519,Argentina,Alexis Mac Allister,113.5,32.8,9.700000000000003,30.52496167037693,Head,Open Play,Normal,False,0.0684051,0
3869519,Croatia,Luka Modrić,92.9,46.3,27.822652641328066,14.615752258399914,Right Foot,Open Play,Normal,False,0.026162526,0
3869519,Croatia,Mario Pašalić,119.4,45.8,5.830951894845297,12.03298566562768,Right Foot,Open Play,Half Volley,False,0.07864248,0
3869519,Argentina,Leandro Daniel Paredes,85.0,44.8,35.32760959929217,11.723023140082486,Right Foot,Open Play,Normal,False,0.014370957,0
3869519,Argentina,Lionel Andrés Messi Cuccittini,112.7,30.1,12.30040649734796,21.180643285975435,Left Foot,Open Play,Normal,True,0.10581502,0
3869519,Croatia,Mislav Oršić,98.4,22.8,27.6115917686757,11.919921917994767,Right Foot,Open Play,Normal,False,0.021008598,0
3869519,Croatia,Dejan Lovren,112.7,40.1,7.300684899377589,53.24872912140883,Head,Open Play,Normal,True,0.09374543,0
3869519,Argentina,Julián Álvarez,113.3,45.4,8.605230967266365,38.95834821664829,Right Foot,Open Play,Normal,False,0.33366448,1
3869519,Croatia,Ivan Perišić,82.3,43.9,37.90118731649446,10.974413325271227,Left Foot,Free Kick,Normal,False,0.00752127,0
3869519,Croatia,Ivan Perišić,85.8,21.3,38.97858386344994,9.43844123056681,Left Foot,Open Play,Normal,False,0.0058680973,0
3869519,Croatia,Mislav Oršić,108.0,21.9,21.71658352503911,10.851982927916115,Right Foot,Open Play,Normal,False,0.011610668,0
3869519,Argentina,Alexis Mac Allister,107.1,46.7,14.536161804272824,25.507651422715526,Right Foot,Open Play,Volley,False,0.14140838,0
3869519,Croatia,Lovro Majer,96.0,35.4,24.436857408431223,16.748817208848557,Left Foot,Open Play,Half Volley,False,0.044770177,0
3869519,Croatia,Nikola Vlašić,103.6,52.3,20.500000000000004,16.439421299634176,Left Foot,Open Play,Normal,False,0.049129687,0
3869519,Croatia,Dejan Lovren,89.3,36.5,30.898867293154943,13.426729559581192,Left Foot,Open Play,Normal,False,0.02342664,0
3869552,France,Kylian Mbappé Lottin,108.5,47.3,13.621306838919677,26.059006139780738,Left Foot,Open Play,Normal,True,0.09459595,0
3869552,France,Theo Bernard François Hernández,115.7,31.5,9.525754563287885,22.144308032649196,Left Foot,Open Play,Half Volley,False,0.0979349,1
3869552,Morocco,Azzedine Ounahi,95.5,26.2,28.119210515233178,12.99212315421269,Right Foot,Open Play,Normal,False,0.01924696,0
3869552,Morocco,Hakim Ziyech,106.4,54.6,19.952944644838762,14.507747707726123,Right Foot,Open Play,Normal,False,0.06111174,0
3869552,France,Olivier Giroud,105.4,26.8,19.68247951859724,15.947322098658475,Left Foot,Open Play,Normal,False,0.09802507,0
3869552,Morocco,Achraf Hakimi Mouh,95.3,53.3,28.05316381444346,13.155161179713305,Right Foot,Open Play,Normal,False,0.020597277,0
3869552,France,Aurélien Djani Tchouaméni,96.0,32.9,25.02818411311536,15.991445178600797,Right Foot,Open Play,Normal,False,0.040336993,0
3869552,France,Olivier Giroud,111.9,44.5,9.266067126888295,39.29080186699248,Head,Open Play,Normal,True,0.060999498,0
3869552,France,Youssouf Fofana,104.3,46.5,16.992351220475644,22.6548147900397,Left Foot,Open Play,Half Volley,False,0.061363008,0
3869552,France,Kylian Mbappé Lottin,111.7,30.9,12.31665539016173,23.715494132682583,Right Foot,Open Play,Normal,False,0.15100354,0
3869552,France,Olivier Giroud,105.8,42.5,14.418391033676402,28.121466140118052,Left Foot,Open Play,Normal,False,0.2635025,0
3869552,France,Raphaël Varane,113.7,47.9,10.1044544632553,27.46920058006256,Right Foot,Open Play,Volley,False,0.07554505,0
3869552,Morocco,Jawad El Yamiq,107.2,33.9,14.179210133149164,26.532995191775605,Right Foot,Open Play,Overhead Kick,False,0.06408756,0
3869552,Morocco,Sofiane Boufal,96.7,37.2,23.467637290532675,17.610025431252257,Right Foot,Open Play,Half Volley,False,0.035300843,0
3869552,France,Jules Koundé,94.0,50.6,28.077749197540747,13.797942093508619,Right Foot,Open Play,Half Volley,True,0.01766911,0
3869552,Morocco,Yahia Attiyat allah,109.8,35.1,11.315917991926243,33.072545046270776,Right Foot,Open Play,Half Volley,False,0.24936919,0
3869552,Morocco,Sofyan Amrabat,92.5,36.0,27.789386463180506,14.856588692397539,Right Foot,Open Play,Normal,False,0.020691318,0
3869552,France,Marcus Thuram,114.5,45.5,7.7781745930520225,40.520419395633155,Head,Open Play,Normal,True,0.115658596,0
3869552,France,Youssouf Fofana,111.6,27.3,15.226621424334423,15.720230757926137,Left Foot,Open Play,Normal,False,0.040043775,0
3869552,France,Kylian Mbappé Lottin,107.2,29.8,16.36704005005181,20.212684637120482,Right Foot,Open Play,Normal,True,0.033641826,0
3869552,France,Randal Kolo Muani,115.6,43.8,5.8137767414994554,57.64493920202527,Right Foot,Open Play,Normal,False,0.8521293,1
3869552,Morocco,Zakaria Aboukhlal,107.1,41.0,12.938701635017331,31.51294057817987,Head,Open Play,Normal,True,0.024939176,0
3869552,Morocco,Abdessamad Ezzalzouli,106.9,32.9,14.900335566691103,24.68537670385967,Right Foot,Open Play,Normal,False,0.05950738,0
3869552,Morocco,Azzedine Ounahi,103.0,48.2,18.874321179846444,19.949048872666403,Right Foot,Open Play,Normal,False,0.06379096,0
3869552,Morocco,Azzedine Ounahi,98.1,48.0,23.315445524372898,16.822461711658462,Left Foot,Open Play,Normal,False,0.03807111,0
3869552,Morocco,Azzedine Ounahi,108.6,44.6,12.293087488503453,31.21191143772331,Right Foot,Open Play,Half Volley,False,0.067406826,0
3869552,Morocco,Abderrazak Hamdallah,115.9,37.4,4.8548944375753385,71.27277264686538,Other,Open Play,Normal,False,0.50624365,0
3869684,Croatia,Joško Gvardiol,108.8,38.0,11.377170122662315,35.240754969670775,Head,Open Play,Diving Header,False,0.1243582,1
3869684,Morocco,Achraf Dari,115.6,39.0,4.512205669071396,77.79866775571723,Head,Open Play,Normal,False,0.4178385,1
3869684,Croatia,Mislav Oršić,99.5,23.8,26.1283371074395,12.6370900388685,Right Foot,Open Play,Normal,False,0.02730659,0
3869684,Croatia,Josip Stanišić,94.4,41.3,25.632986560289844,16.232264237660353,Right Foot,Open Play,Normal,False,0.040524755,0
3869684,Croatia,Mislav Oršić,104.9,38.8,15.147607071745684,27.093984466254398,Right Foot,Open Play,Normal,False,0.11308218,0
3869684,Croatia,Andrej Kramarić,111.3,34.8,10.135580891098451,35.484010110209134,Head,Open Play,Normal,False,0.13429043,0
3869684,Croatia,Luka Modrić,101.2,49.5,21.06395024680793,17.735224670564936,Left Foot,Open Play,Normal,False,0.07012748,0
3869684,Morocco,Sofiane Boufal,112.4,29.5,12.961867149450342,19.78930179182115,Left Foot,Open Play,Volley,False,0.08611878,0
3869684,Morocco,Youssef En-Nesyri,117.8,48.9,9.167878707749137,12.839871855435627,Head,Open Play,Normal,True,0.04761149,0
3869684,Morocco,Hakim Ziyech,90.6,53.5,32.351352367404985,11.765897288301348,Left Foot,Open Play,Normal,False,0.014617449,0
3869684,Croatia,Mislav Oršić,106.5,21.3,23.063824487712353,10.789590436684207,Right Foot,Open Play,Normal,False,0.013095795,1
3869684,Croatia,Marko Livaja,90.5,39.5,29.50423698386386,14.140881214280409,Right Foot,Open Play,Normal,False,0.02019975,0
3869684,Croatia,Mislav Oršić,100.8,24.2,24.865236777477108,13.080498891826615,Right Foot,Open Play,Normal,False,0.028195048,0
3869684,Croatia,Mislav Oršić,87.5,26.6,35.154089378051026,11.012948595032293,Right Foot,Open Play,Normal,False,0.0065055056,0
3869684,Morocco,Youssef En-Nesyri,110.6,40.5,9.413288479590971,42.45304983667969,Head,Open Play,Normal,True,0.072652236,0
3869684,Croatia,Nikola Vlašić,90.9,36.9,29.264654448668956,14.180454708842563,Right Foot,Open Play,Normal,False,0.03597725,0
3869684,Morocco,Youssef En-Nesyri,115.5,48.3,9.441398201537734,23.503433623801257,Left Foot,Open Play,Half Volley,False,0.16040824,0
3869684,Croatia,Mateo Kovačić,110.3,29.2,14.516542288024379,19.789523781487706,Left Foot,Open Play,Normal,False,0.23560598,0
3869684,Morocco,Youssef En-Nesyri,110.9,36.5,9.749871794028879,39.20342977119933,Head,Open Play,Normal,True,0.057190012,0
3869684,Morocco,Hakim Ziyech,89.6,46.9,31.173225691288355,13.072053741994669,Left Foot,Open Play,Normal,False,0.021768013,0
3869684,Morocco,Youssef En-Nesyri,113.6,43.4,7.24706837279738,50.13356470972823,Head,Open Play,Normal,True,0.1132524,0
3869685,Argentina,Alexis Mac Allister,92.4,30.0,29.35574901105403,13.395084702538115,Right Foot,Open Play,Normal,False,0.024542088,0
3869685,Argentina,Rodrigo Javier De Paul,99.2,47.9,22.249719099350443,17.542290935618965,Right Foot,Open Play,Normal,False,0.062813334,0
3869685,Argentina,Ángel Fabián Di María Hernández,103.1,34.6,17.741758650145147,22.31714275124204,Right Foot,Open Play,Normal,False,0.106800534,0
3869685,Argentina,Alexis Mac Allister,94.3,23.5,30.540792393125628,11.564693871375727,Right Foot,Open Play,Half Volley,False,0.010577817,0
3869685,Argentina,Ángel Fabián Di María Hernández,111.8,32.1,11.386395390991831,27.30802798485571,Left Foot,Open Play,Normal,False,0.30340916,1
3869685,Argentina,Rodrigo Javier De Paul,103.3,52.3,20.74078108461685,16.34655671637188,Right Foot,Open Play,Volley,False,0.040216275,0
3869685,Argentina,Julián Álvarez,110.5,24.9,17.839843048636947,12.849406059658588,Left Foot,Open Play,Normal,False,0.05953379,0
3869685,Argentina,Lionel Andrés Messi Cuccittini,109.7,46.0,11.920151005754915,30.36403262644456,Right Foot,Open Play,Normal,False,0.11555985,0
3869685,France,Randal Kolo Muani,113.4,34.6,8.527602242131133,39.15833106163641,Head,Open Play,Normal,True,0.09618377,0
3869685,France,Kylian Mbappé Lottin,102.5,27.9,21.27580785775243,16.25794674569038,Right Foot,Open Play,Normal,False,0.050644457,0
3869685,Argentina,Enzo Fernandez,98.9,32.2,22.495555116511344,17.406721168128602,Right Foot,Open Play,Normal,False,0.041589838,0
3869685,France,Kylian Mbappé Lottin,104.8,30.1,18.139735389470268,19.416879912055784,Right Foot,Open Play,Volley,False,0.1017027,1
3869685,Argentina,Enzo Fernandez,92.2,35.9,28.100711734758605,14.689604282537967,Right Foot,Open Play,Normal,False,0.030159522,0
3869685,France,Kylian Mbappé Lottin,95.9,32.2,25.330811277967385,15.684586747703978,Right Foot,Open Play,Normal,False,0.0324491,0
3869685,France,Adrien Rabiot,108.9,28.5,15.983116091676237,18.554983469022183,Left Foot,Open Play,Normal,False,0.09333491,0
3869685,Argentina,Lionel Andrés Messi Cuccittini,96.2,40.9,23.817010727629103,17.461071996933466,Left Foot,Open Play,Normal,False,0.0430315,0
3869685,Argentina,Alexis Mac Allister,98.2,23.8,27.16026509443529,12.425030885024874,Right Foot,Open Play,Half Volley,False,0.019259434,0
3869685,France,Youssouf Fofana,89.8,39.9,30.200165562460086,13.820039989061499,Right Foot,Open Play,Normal,False,0.023031652,0
3869685,Argentina,Lautaro Javier Martínez,108.8,45.3,12.390722335683261,30.329271706762817,Right Foot,Open Play,Normal,False,0.23260574,0
3869685,Argentina,Gonzalo Ariel Montiel,96.3,49.4,25.496078129783022,15.242635502045156,Right Foot,Open Play,Half Volley,False,0.020604363,0
3869685,Argentina,Lautaro Javier Martínez,105.1,33.5,16.256075787224916,23.497897558253353,Left Foot,Open Play,Half Volley,False,0.14029205,0
3869685,Argentina,Lionel Andrés Messi Cuccittini,103.6,55.8,22.772790781983662,13.36686947515141,Left Foot,Open Play,Half Volley,False,0.024784861,0
3869685,Argentina,Lautaro Javier Martínez,114.4,52.0,13.242356285797477,14.202894504817614,Right Foot,Open Play,Normal,False,0.10407211,0
3869685,Argentina,Lionel Andrés Messi Cuccittini,116.6,43.0,4.534313619501858,73.94070846326207,Right Foot,Open Play,Half Volley,False,0.48840353,1
3869685,France,Kylian Mbappé Lottin,101.4,26.6,22.924222996647014,14.888112820661014,Right Foot,Open Play,Normal,False,0.03075741,0
3869685,France,Randal Kolo Muani,103.7,45.1,17.07922714879101,23.206014361793645,Right Foot,Open Play,Half Volley,False,0.27751395,0
3869685,Argentina,Lautaro Javier Martínez,110.8,41.6,9.338094023943004,42.3793858241524,Head,Open Play,Normal,False,0.10655013,0
